LAMBX,LAMBY,DATE,PRENEI_Q,PRELIQ_Q,T_Q,FF_Q,Q_Q,DLI_Q,SSI_Q,HU_Q,EVAP_Q,ETP_Q,PE_Q,SWI_Q,DRAINC_Q,RUNC_Q,RESR_NEIGE_Q,RESR_NEIGE6_Q,HTEURNEIGE_Q,HTEURNEIGE6_Q,HTEURNEIGEX_Q,SNOW_FRAC_Q,ECOULEMENT_Q,WG_RACINE_Q,WGI_RACINE_Q,TINF_H_Q,TSUP_H_Q,LAMBX (hm),LAMBY (hm)
6200,18170,20200101,0.0,0.0,5.3,1.3,4.679,2674.7,808.2,82.0,0.8,1.2,-0.8,0.852,0.7,0.0,0.0,0.0,0.000,0.000,0.000,0.0,0.0,0.301,0.000,1.6,10.9,6200,18170
6200,18170,20200102,0.0,0.0,6.4,2.1,5.426,2788.1,685.8,87.2,0.5,0.7,-0.5,0.846,0.7,0.0,0.0,0.0,0.000,0.000,0.000,0.0,0.0,0.300,0.000,2.1,8.5,6200,18170
6200,18170,20200103,0.0,0.1,8.2,3.5,5.642,2517.8,839.6,80.3,0.7,1.1,-0.6,0.839,0.6,0.0,0.0,0.0,0.000,0.000,0.000,0.0,0.0,0.299,0.000,6.5,9.9,6200,18170
6200,18170,20200104,0.0,0.0,8.3,5.7,5.399,2503.0,790.4,76.4,1.1,1.6,-1.1,0.832,0.6,0.0,0.0,0.0,0.000,0.000,0.000,0.0,0.0,0.298,0.000,7.9,9.8,6200,18170
6200,18170,20200105,0.0,0.0,6.4,3.7,3.969,2376.6,951.3,65.2,1.2,2.2,-1.2,0.823,0.6,0.0,0.0,0.0,0.000,0.000,0.000,0.0,0.0,0.297,0.000,3.7,12.4,6200,18170
6200,18170,20200106,0.0,0.0,6.7,2.5,5.093,2587.9,776.7,80.0,0.7,1.0,-0.7,0.817,0.6,0.0,0.0,0.0,0.000,0.000,0.000,0.0,0.0,0.296,0.000,2.5,10.3,6200,18170
6200,18170,20200107,0.0,0.0,7.8,4.3,5.061,2600.4,818.2,74.0,0.8,1.5,-0.8,0.810,0.6,0.0,0.0,0.0,0.000,0.000,0.000,0.0,0.0,0.295,0.000,4.9,9.8,6200,18170
6200,18170,20200108,0.0,0.1,9.1,1.1,6.218,2718.5,588.6,83.3,0.5,0.8,-0.4,0.805,0.6,0.0,0.0,0.0,0.000,0.000,0.000,0.0,0.0,0.294,0.000,7.9,12.8,6200,18170
6200,18170,20200109,0.0,0.6,8.4,3.8,5.952,2641.6,711.9,83.9,0.7,1.0,-0.1,0.800,0.6,0.0,0.0,0.0,0.000,0.000,0.000,0.0,0.0,0.293,0.000,5.5,11.0,6200,18170
6200,18170,20200110,0.0,0.7,7.7,4.6,5.481,2692.2,654.9,80.8,1.2,1.3,-0.5,0.796,0.6,0.1,0.0,0.0,0.000,0.000,0.000,0.0,0.0,0.292,0.000,7.3,9.2,6200,18170
6200,18170,20200111,0.0,0.0,5.3,3.3,3.974,2358.1,961.4,69.8,1.0,1.9,-1.0,0.790,0.6,0.0,0.0,0.0,0.000,0.000,0.000,0.0,0.0,0.292,0.000,4.4,9.7,6200,18170
6200,18170,20200112,0.0,0.1,3.4,1.5,3.658,2334.9,961.8,73.8,0.8,1.2,-0.7,0.784,0.5,0.0,0.0,0.0,0.000,0.000,0.000,0.0,0.0,0.291,0.000,-0.5,9.0,6200,18170
6200,18170,20200113,0.0,0.1,4.2,2.5,3.722,2401.9,983.2,70.2,0.9,1.4,-0.8,0.778,0.5,0.0,0.0,0.0,0.000,0.000,0.000,0.0,0.0,0.289,0.000,-1.2,10.0,6200,18170
6200,18170,20200114,0.0,0.2,8.3,4.9,5.851,2670.8,852.6,82.9,0.9,1.1,-0.7,0.773,0.5,0.0,0.0,0.0,0.000,0.000,0.000,0.0,0.0,0.289,0.000,4.6,10.6,6200,18170
6200,18170,20200115,0.0,0.1,9.1,4.5,6.380,2627.4,848.9,85.9,0.7,1.2,-0.6,0.768,0.5,0.0,0.0,0.0,0.000,0.000,0.000,0.0,0.0,0.288,0.000,8.5,10.4,6200,18170
6200,18170,20200116,0.0,0.2,9.1,3.7,6.824,2773.7,723.2,91.8,0.5,0.8,-0.3,0.764,0.5,0.0,0.0,0.0,0.000,0.000,0.000,0.0,0.0,0.287,0.000,7.7,10.3,6200,18170
6200,18170,20200117,0.0,5.7,8.6,4.7,6.458,2933.3,293.3,88.7,1.7,0.6,4.0,0.771,0.5,0.4,0.0,0.0,0.000,0.000,0.000,0.0,0.0,0.287,0.000,6.5,10.5,6200,18170
6200,18170,20200118,0.0,0.0,5.2,2.1,4.208,2311.7,739.2,74.2,0.6,1.2,-0.6,0.771,0.5,0.0,0.0,0.0,0.000,0.000,0.000,0.0,0.0,0.288,0.000,3.3,10.3,6200,18170
6200,18170,20200119,0.0,0.0,3.9,3.4,2.846,1965.0,943.4,55.2,0.8,1.8,-0.8,0.766,0.5,0.0,0.0,0.0,0.000,0.000,0.000,0.0,0.0,0.287,0.001,2.3,7.3,6200,18170
6200,18170,20200120,0.0,3.9,1.9,2.0,3.301,2264.9,229.1,72.7,0.3,0.7,3.6,0.765,0.5,0.0,0.0,0.0,0.000,0.000,0.000,0.0,0.0,0.286,0.001,-0.8,3.7,6200,18170
6200,18170,20200121,0.0,10.5,5.6,5.9,4.603,2626.7,301.0,79.1,1.3,0.9,9.2,0.788,0.5,0.9,0.0,0.0,0.000,0.000,0.000,0.0,0.0,0.288,0.000,2.5,7.7,6200,18170
6200,18170,20200122,0.0,9.6,7.8,6.4,5.900,2926.3,179.1,86.8,1.2,0.9,8.4,0.822,0.5,1.6,0.0,0.0,0.000,0.000,0.000,0.0,0.0,0.293,0.000,6.5,9.4,6200,18170
6200,18170,20200123,0.0,36.5,9.6,6.1,7.020,2947.5,225.5,91.0,0.8,0.6,35.7,0.909,0.6,5.2,0.0,0.0,0.000,0.000,0.000,0.0,0.0,0.297,0.000,8.6,10.5,6200,18170
6200,18170,20200124,0.0,0.2,9.3,3.6,7.015,2727.8,645.9,92.9,0.6,0.5,-0.4,0.934,0.6,0.0,0.0,0.0,0.000,0.000,0.000,0.0,0.0,0.314,0.000,8.1,10.3,6200,18170
6200,18170,20200125,0.0,4.6,9.1,3.0,6.859,2907.1,524.9,92.2,0.8,0.7,3.8,0.933,0.7,0.4,0.0,0.0,0.000,0.000,0.000,0.0,0.0,0.313,0.000,7.8,10.5,6200,18170
6200,18170,20200126,0.0,0.2,7.7,1.8,6.347,2877.4,189.2,93.5,0.4,0.3,-0.2,0.936,0.7,0.2,0.0,0.0,0.000,0.000,0.000,0.0,0.0,0.314,0.000,7.4,8.8,6200,18170
6200,18170,20200127,0.0,0.4,5.7,2.1,5.344,2651.2,614.4,90.4,0.5,0.6,-0.1,0.928,0.8,0.0,0.0,0.0,0.000,0.000,0.000,0.0,0.0,0.313,0.000,3.0,8.1,6200,18170
6200,18170,20200128,0.0,0.8,8.2,5.3,5.524,2640.7,813.7,79.6,1.5,1.4,-0.7,0.921,0.8,0.1,0.0,0.0,0.000,0.000,0.000,0.0,0.0,0.312,0.000,5.0,11.2,6200,18170
6200,18170,20200129,0.0,0.1,8.1,3.7,5.147,2472.8,997.1,74.3,1.1,1.8,-1.0,0.911,0.8,0.0,0.0,0.0,0.000,0.000,0.000,0.0,0.0,0.311,0.000,6.8,11.2,6200,18170
6200,18170,20200130,0.0,0.1,9.5,0.9,6.618,2828.5,288.4,86.0,0.1,0.3,0.0,0.903,0.8,0.0,0.0,0.0,0.000,0.000,0.000,0.0,0.0,0.309,0.000,5.5,11.9,6200,18170
6200,18170,20200131,0.0,0.1,12.1,2.2,7.311,2901.9,579.7,80.6,0.8,1.3,-0.7,0.896,0.8,0.0,0.0,0.0,0.000,0.000,0.000,0.0,0.0,0.308,0.000,10.0,16.6,6200,18170
6200,18170,20200201,0.0,0.9,11.0,3.3,7.456,2902.8,644.5,87.7,1.0,0.9,-0.1,0.888,0.8,0.0,0.0,0.0,0.000,0.000,0.000,0.0,0.0,0.307,0.000,7.6,13.3,6200,18170
6200,18170,20200202,0.0,0.0,14.8,2.0,8.041,2877.8,542.7,74.5,0.5,1.4,-0.5,0.881,0.8,0.0,0.0,0.0,0.000,0.000,0.000,0.0,0.0,0.306,0.000,11.8,19.3,6200,18170
6200,18170,20200203,0.0,0.2,15.0,3.5,6.087,2621.5,1258.0,55.8,2.4,3.5,-2.2,0.869,0.8,0.0,0.0,0.0,0.000,0.000,0.000,0.0,0.0,0.305,0.000,12.4,19.7,6200,18170
6200,18170,20200204,0.0,0.1,9.2,7.0,4.884,2398.4,1244.4,63.9,2.0,2.6,-1.9,0.857,0.7,0.0,0.0,0.0,0.000,0.000,0.000,0.0,0.0,0.303,0.000,7.3,11.6,6200,18170
6200,18170,20200205,0.0,0.1,6.4,3.4,3.723,2233.9,1299.3,61.0,1.5,2.3,-1.4,0.846,0.7,0.0,0.0,0.0,0.000,0.000,0.000,0.0,0.0,0.301,0.000,4.0,11.0,6200,18170
6200,18170,20200206,0.0,0.0,5.9,3.3,4.337,2339.5,1279.5,70.5,1.1,1.5,-1.1,0.837,0.7,0.0,0.0,0.0,0.000,0.000,0.000,0.0,0.0,0.299,0.000,0.2,9.9,6200,18170
6200,18170,20200207,0.0,0.0,8.7,3.6,5.923,2598.3,1148.9,81.8,0.9,1.5,-0.9,0.829,0.7,0.0,0.0,0.0,0.000,0.000,0.000,0.0,0.0,0.298,0.000,7.4,10.2,6200,18170
6200,18170,20200208,0.0,3.2,9.0,2.7,6.522,2722.2,1013.9,88.3,0.8,1.3,2.4,0.824,0.7,0.2,0.0,0.0,0.000,0.000,0.000,0.0,0.0,0.297,0.000,8.0,10.7,6200,18170
6200,18170,20200209,0.0,0.6,9.1,1.8,7.076,2838.8,718.9,95.0,0.7,0.7,-0.1,0.828,0.7,0.2,0.0,0.0,0.000,0.000,0.000,0.0,0.0,0.297,0.000,8.4,9.6,6200,18170
6200,18170,20200210,0.0,0.4,11.8,5.1,7.216,2729.4,1075.1,81.2,1.7,1.8,-1.3,0.821,0.7,0.0,0.0,0.0,0.000,0.000,0.000,0.0,0.0,0.296,0.000,8.8,15.3,6200,18170
6200,18170,20200211,0.0,0.7,10.6,7.2,5.920,2616.4,1082.4,72.2,1.9,2.6,-1.2,0.812,0.6,0.0,0.0,0.0,0.000,0.000,0.000,0.0,0.0,0.295,0.000,9.8,12.7,6200,18170
6200,18170,20200212,0.0,0.0,7.2,2.7,4.437,2378.9,1295.2,68.6,1.5,2.1,-1.5,0.804,0.6,0.0,0.0,0.0,0.000,0.000,0.000,0.0,0.0,0.294,0.000,4.7,12.2,6200,18170
6200,18170,20200213,0.0,0.0,8.6,2.6,5.208,2534.8,811.3,71.5,0.8,1.2,-0.8,0.797,0.6,0.0,0.0,0.0,0.000,0.000,0.000,0.0,0.0,0.293,0.000,3.6,12.5,6200,18170
6200,18170,20200214,0.0,0.0,9.8,4.7,4.766,2369.7,1440.5,61.4,1.8,3.1,-1.8,0.789,0.6,0.0,0.0,0.0,0.000,0.000,0.000,0.0,0.0,0.292,0.000,8.6,13.7,6200,18170
6200,18170,20200215,0.0,0.4,8.8,2.3,5.214,2580.3,1323.5,72.0,1.5,2.2,-1.1,0.780,0.6,0.0,0.0,0.0,0.000,0.000,0.000,0.0,0.0,0.290,0.000,4.9,14.5,6200,18170
6200,18170,20200216,0.0,1.9,10.0,4.9,7.663,3212.6,421.6,96.8,0.4,0.6,1.5,0.776,0.6,0.0,0.0,0.0,0.000,0.000,0.000,0.0,0.0,0.289,0.000,8.6,10.7,6200,18170
6200,18170,20200217,0.0,0.4,9.9,4.2,6.972,2747.8,908.2,87.9,1.0,1.1,-0.6,0.778,0.6,0.2,0.0,0.0,0.000,0.000,0.000,0.0,0.0,0.289,0.000,8.5,12.3,6200,18170
6200,18170,20200218,0.0,0.1,7.4,4.3,4.483,2237.3,1484.3,68.2,1.5,2.2,-1.4,0.771,0.6,0.0,0.0,0.0,0.000,0.000,0.000,0.0,0.0,0.289,0.000,5.3,10.6,6200,18170
6200,18170,20200219,0.0,0.1,7.4,4.2,4.970,2491.5,1203.5,75.1,1.3,2.0,-1.2,0.764,0.6,0.0,0.0,0.0,0.000,0.000,0.000,0.0,0.0,0.288,0.000,5.7,10.6,6200,18170
6200,18170,20200220,0.0,0.0,8.4,1.4,4.638,2405.4,1499.8,66.5,1.5,2.1,-1.5,0.757,0.6,0.0,0.0,0.0,0.000,0.000,0.000,0.0,0.0,0.287,0.000,3.2,14.9,6200,18170
6200,18170,20200221,0.0,0.0,8.8,3.1,5.208,2531.7,1314.3,71.4,1.2,2.2,-1.2,0.750,0.6,0.0,0.0,0.0,0.000,0.000,0.000,0.0,0.0,0.285,0.000,5.8,12.9,6200,18170
6200,18170,20200222,0.0,0.0,9.1,1.8,4.351,2438.9,1596.4,59.2,1.7,2.6,-1.7,0.741,0.6,0.0,0.0,0.0,0.000,0.000,0.000,0.0,0.0,0.284,0.000,3.6,15.1,6200,18170
6200,18170,20200223,0.0,0.0,12.0,2.6,4.658,2528.4,1617.4,51.3,2.1,3.5,-2.1,0.732,0.6,0.0,0.0,0.0,0.000,0.000,0.000,0.0,0.0,0.283,0.000,6.7,18.8,6200,18170
6200,18170,20200224,0.0,0.0,12.6,2.7,5.130,2510.1,1634.6,55.4,2.1,3.2,-2.1,0.723,0.6,0.0,0.0,0.0,0.000,0.000,0.000,0.0,0.0,0.281,0.000,5.9,19.1,6200,18170
6200,18170,20200225,0.0,3.2,9.3,7.4,5.646,2609.7,1197.3,74.9,2.4,2.0,0.8,0.717,0.5,0.0,0.0,0.0,0.000,0.000,0.000,0.0,0.0,0.280,0.000,6.8,10.7,6200,18170
6200,18170,20200226,0.0,4.8,5.7,6.2,4.967,2536.8,1146.9,84.3,1.2,1.3,3.6,0.719,0.5,0.1,0.0,0.0,0.000,0.000,0.000,0.0,0.0,0.280,0.000,5.3,6.1,6200,18170
6200,18170,20200227,0.0,5.9,7.6,6.2,5.720,2741.6,565.9,84.7,1.2,0.9,4.7,0.743,0.5,0.9,0.0,0.0,0.000,0.000,0.000,0.0,0.0,0.282,0.000,3.8,10.5,6200,18170
6200,18170,20200228,0.0,0.7,9.1,1.8,6.255,2698.0,975.1,83.5,1.1,1.3,-0.4,0.742,0.5,0.0,0.0,0.0,0.000,0.000,0.000,0.0,0.0,0.284,0.000,4.8,13.7,6200,18170
6200,18170,20200229,0.0,0.1,10.9,4.7,6.801,2685.4,881.3,81.3,1.1,1.6,-1.0,0.737,0.5,0.0,0.0,0.0,0.000,0.000,0.000,0.0,0.0,0.283,0.000,8.6,14.6,6200,18170
6200,18170,20200301,0.0,1.0,9.5,1.9,5.385,2534.2,1176.9,70.9,1.4,1.9,-0.4,0.732,0.5,0.0,0.0,0.0,0.000,0.000,0.000,0.0,0.0,0.282,0.000,6.6,13.8,6200,18170
6200,18170,20200302,0.0,9.5,6.5,6.4,5.416,2867.2,510.4,86.0,3.1,1.0,6.4,0.747,0.5,0.7,0.0,0.0,0.000,0.000,0.000,0.0,0.0,0.282,0.000,4.8,8.6,6200,18170
6200,18170,20200303,0.4,14.0,4.2,2.9,4.548,2756.2,474.7,85.8,1.6,0.8,12.8,0.772,0.5,1.3,0.0,0.0,0.000,0.000,0.001,0.0,0.5,0.285,0.000,1.7,6.5,6200,18170
6200,18170,20200304,0.0,0.9,8.1,2.9,6.210,2802.9,636.3,87.0,0.5,0.6,0.4,0.791,0.5,0.2,0.0,0.0,0.000,0.000,0.000,0.0,0.0,0.291,0.000,2.3,11.1,6200,18170
6200,18170,20200305,0.0,3.5,9.7,4.5,6.795,2758.8,677.7,86.8,1.2,1.1,2.3,0.798,0.5,0.4,0.0,0.0,0.000,0.000,0.000,0.0,0.0,0.291,0.000,8.2,13.3,6200,18170
6200,18170,20200306,0.0,5.5,5.4,5.6,4.679,2484.5,706.9,80.9,1.4,1.1,4.1,0.809,0.5,0.6,0.0,0.0,0.000,0.000,0.000,0.0,0.0,0.292,0.000,4.0,7.3,6200,18170
6200,18170,20200307,0.0,0.1,6.4,5.6,4.193,2238.5,1788.6,68.0,1.9,2.4,-1.8,0.803,0.5,0.0,0.0,0.0,0.000,0.000,0.000,0.0,0.0,0.294,0.000,4.1,8.3,6200,18170
6200,18170,20200308,0.0,1.2,10.5,3.8,5.065,2381.7,1751.2,62.6,2.5,3.2,-1.3,0.795,0.5,0.0,0.0,0.0,0.000,0.000,0.000,0.0,0.0,0.293,0.000,6.7,15.6,6200,18170
6200,18170,20200309,0.0,0.8,7.9,5.9,5.002,2455.2,1492.4,72.8,1.7,2.2,-0.9,0.788,0.6,0.1,0.0,0.0,0.000,0.000,0.000,0.0,0.0,0.291,0.000,6.8,8.9,6200,18170
6200,18170,20200310,0.0,0.0,9.2,4.4,5.646,2650.3,1148.3,75.5,1.4,1.8,-1.4,0.783,0.6,0.1,0.0,0.0,0.000,0.000,0.000,0.0,0.0,0.291,0.000,6.6,10.8,6200,18170
6200,18170,20200311,0.0,0.0,12.5,3.0,6.711,2764.1,1846.1,72.0,2.3,3.3,-2.3,0.774,0.6,0.0,0.0,0.0,0.000,0.000,0.000,0.0,0.0,0.290,0.000,8.9,17.6,6200,18170
6200,18170,20200312,0.0,0.4,13.1,2.9,6.969,2596.2,1188.2,72.2,1.5,2.1,-1.1,0.766,0.6,0.0,0.0,0.0,0.000,0.000,0.000,0.0,0.0,0.288,0.000,9.5,17.9,6200,18170
6200,18170,20200313,0.0,0.0,11.4,4.6,4.823,2393.4,1843.4,55.8,2.6,3.9,-2.6,0.756,0.6,0.0,0.0,0.0,0.000,0.000,0.000,0.0,0.0,0.287,0.000,9.7,15.5,6200,18170
6200,18170,20200314,0.0,0.0,9.1,3.9,4.139,2275.5,2061.6,56.2,2.3,3.7,-2.3,0.745,0.6,0.0,0.0,0.0,0.000,0.000,0.000,0.0,0.0,0.285,0.000,6.8,13.6,6200,18170
6200,18170,20200315,0.0,2.3,8.2,3.9,5.551,2586.7,1765.7,78.1,1.6,2.1,0.7,0.739,0.5,0.0,0.0,0.0,0.000,0.000,0.000,0.0,0.0,0.283,0.000,5.5,9.7,6200,18170
6200,18170,20200316,0.0,3.9,9.0,5.1,6.817,2974.0,594.9,91.8,1.8,0.8,2.1,0.745,0.5,0.3,0.0,0.0,0.000,0.000,0.000,0.0,0.0,0.283,0.000,7.9,9.6,6200,18170
6200,18170,20200317,0.0,0.0,9.8,2.1,5.702,2618.7,1171.6,73.5,1.3,1.9,-1.3,0.742,0.5,0.0,0.0,0.0,0.000,0.000,0.000,0.0,0.0,0.284,0.000,8.0,12.7,6200,18170
6200,18170,20200318,0.0,0.1,11.5,1.5,6.024,2614.7,1930.2,69.8,2.3,3.1,-2.2,0.733,0.5,0.0,0.0,0.0,0.000,0.000,0.000,0.0,0.0,0.283,0.000,6.3,19.2,6200,18170
6200,18170,20200319,0.0,0.0,10.8,2.3,5.274,2436.1,2017.0,64.9,2.4,3.4,-2.4,0.723,0.5,0.0,0.0,0.0,0.000,0.000,0.000,0.0,0.0,0.282,0.000,7.0,17.7,6200,18170
6200,18170,20200320,0.0,0.0,9.6,2.7,5.253,2311.6,2099.0,69.2,1.9,3.0,-1.9,0.714,0.5,0.0,0.0,0.0,0.000,0.000,0.000,0.0,0.0,0.280,0.000,5.4,15.8,6200,18170
6200,18170,20200321,0.0,0.0,10.5,2.5,6.300,2548.4,1620.9,78.2,1.4,2.2,-1.4,0.706,0.5,0.0,0.0,0.0,0.000,0.000,0.000,0.0,0.0,0.279,0.000,6.9,14.6,6200,18170
6200,18170,20200322,0.0,0.0,10.7,2.3,6.240,2551.5,1649.9,76.5,1.5,2.3,-1.5,0.699,0.5,0.0,0.0,0.0,0.000,0.000,0.000,0.0,0.0,0.278,0.000,6.9,15.0,6200,18170
6200,18170,20200323,0.0,0.1,9.8,2.7,6.477,2705.6,823.1,83.0,0.6,1.3,-0.5,0.695,0.5,0.0,0.0,0.0,0.000,0.000,0.000,0.0,0.0,0.277,0.000,8.4,12.4,6200,18170
6200,18170,20200324,0.0,0.7,6.9,1.8,5.755,2714.1,1451.8,89.5,1.3,1.6,-0.6,0.691,0.5,0.0,0.0,0.0,0.000,0.000,0.000,0.0,0.0,0.276,0.000,6.3,8.0,6200,18170
6200,18170,20200325,2.1,13.1,5.6,2.6,4.460,2485.6,1897.9,76.8,1.8,2.3,13.4,0.694,0.5,0.3,0.1,0.0,0.000,0.000,0.000,0.0,1.5,0.275,0.000,2.6,9.0,6200,18170
6200,18170,20200326,0.6,5.5,3.3,2.7,4.457,2637.1,447.9,89.7,0.7,0.4,5.4,0.748,0.5,1.6,0.1,1.1,0.001,0.006,0.006,0.0,2.4,0.281,0.000,0.8,4.9,6200,18170
6200,18170,20200327,0.0,0.1,8.9,3.4,4.228,2381.5,938.3,59.0,1.2,2.2,-1.1,0.746,0.5,0.0,0.0,0.0,0.000,0.000,0.000,0.0,0.0,0.285,0.000,4.7,14.0,6200,18170
6200,18170,20200328,0.0,0.0,11.7,3.2,4.171,2476.2,1144.9,48.3,1.6,3.0,-1.6,0.740,0.5,0.0,0.0,0.0,0.000,0.000,0.000,0.0,0.0,0.284,0.000,5.9,17.6,6200,18170
6200,18170,20200329,0.0,0.4,10.4,6.2,4.938,2560.0,1586.8,60.9,2.6,3.6,-2.2,0.730,0.5,0.0,0.0,0.0,0.000,0.000,0.000,0.0,0.0,0.283,0.000,8.5,13.5,6200,18170
6200,18170,20200330,0.0,0.1,4.5,3.6,4.174,2458.4,979.6,77.0,1.0,1.3,-0.9,0.724,0.5,0.0,0.0,0.0,0.000,0.000,0.000,0.0,0.0,0.281,0.000,2.7,5.9,6200,18170
6200,18170,20200331,0.0,2.3,8.3,3.2,5.300,2663.6,1026.5,75.8,1.5,1.6,0.8,0.720,0.5,0.0,0.0,0.0,0.000,0.000,0.000,0.0,0.0,0.281,0.000,2.0,13.7,6200,18170
6200,18170,20200401,0.0,1.4,7.3,3.0,5.738,2775.0,1388.6,87.2,1.4,1.6,0.0,0.721,0.5,0.1,0.0,0.0,0.000,0.000,0.000,0.0,0.0,0.281,0.000,6.9,7.6,6200,18170
6200,18170,20200402,0.0,0.0,9.3,2.5,5.317,2573.3,1760.6,71.1,1.8,2.5,-1.8,0.716,0.5,0.1,0.0,0.0,0.000,0.000,0.000,0.0,0.0,0.280,0.000,6.5,11.4,6200,18170
6200,18170,20200403,0.0,0.0,9.8,3.6,4.272,2252.9,2413.6,56.5,2.7,3.9,-2.7,0.706,0.5,0.0,0.0,0.0,0.000,0.000,0.000,0.0,0.0,0.279,0.000,6.0,14.2,6200,18170
6200,18170,20200404,0.0,0.0,10.0,2.3,4.473,2276.1,2510.4,57.6,2.5,3.8,-2.5,0.695,0.5,0.0,0.0,0.0,0.000,0.000,0.000,0.0,0.0,0.277,0.000,4.7,16.4,6200,18170
6200,18170,20200405,0.0,0.0,11.0,4.4,5.110,2331.9,2450.7,62.1,2.6,4.2,-2.6,0.684,0.5,0.0,0.0,0.0,0.000,0.000,0.000,0.0,0.0,0.276,0.000,8.0,16.1,6200,18170
6200,18170,20200406,0.0,0.0,11.1,3.3,4.775,2369.6,2285.3,57.9,2.3,3.9,-2.3,0.674,0.5,0.0,0.0,0.0,0.000,0.000,0.000,0.0,0.0,0.274,0.000,7.1,16.4,6200,18170
6200,18170,20200407,0.0,0.0,12.1,3.5,4.878,2467.9,1765.2,54.2,2.0,3.9,-2.0,0.665,0.5,0.0,0.0,0.0,0.000,0.000,0.000,0.0,0.0,0.272,0.000,8.8,17.6,6200,18170
6200,18170,20200408,0.0,0.0,12.6,3.0,4.583,2550.5,1287.0,49.5,1.7,3.4,-1.7,0.657,0.5,0.0,0.0,0.0,0.000,0.000,0.000,0.0,0.0,0.271,0.000,9.5,17.1,6200,18170
6200,18170,20200409,0.0,0.0,12.8,2.3,4.488,2444.9,2471.6,48.5,2.8,4.7,-2.8,0.647,0.5,0.0,0.0,0.0,0.000,0.000,0.000,0.0,0.0,0.270,0.000,7.8,19.5,6200,18170
6200,18170,20200410,0.0,0.0,12.2,2.9,4.711,2431.6,2624.5,51.4,2.7,4.8,-2.7,0.635,0.5,0.0,0.0,0.0,0.000,0.000,0.000,0.0,0.0,0.268,0.000,5.7,19.8,6200,18170
6200,18170,20200411,0.0,0.0,12.4,2.5,6.793,2615.6,2065.3,73.7,1.6,3.2,-1.6,0.627,0.5,0.0,0.0,0.0,0.000,0.000,0.000,0.0,0.0,0.266,0.000,8.9,17.4,6200,18170
6200,18170,20200412,0.0,0.0,12.8,4.2,7.089,2555.8,1427.3,75.1,1.3,2.4,-1.3,0.621,0.5,0.0,0.0,0.0,0.000,0.000,0.000,0.0,0.0,0.265,0.000,10.1,16.4,6200,18170
6200,18170,20200413,0.0,15.1,10.2,3.2,7.374,2950.6,753.3,92.1,1.1,0.9,14.0,0.641,0.5,1.1,0.0,0.0,0.000,0.000,0.000,0.0,0.0,0.264,0.000,9.0,11.1,6200,18170
6200,18170,20200414,0.0,0.0,14.2,2.9,6.977,2570.9,2507.4,68.6,3.6,4.0,-3.6,0.657,0.5,0.0,0.0,0.0,0.000,0.000,0.000,0.0,0.0,0.272,0.000,9.0,19.9,6200,18170
6200,18170,20200415,0.0,0.2,11.3,4.3,6.535,2683.4,2004.2,74.8,1.8,3.0,-1.6,0.647,0.5,0.0,0.0,0.0,0.000,0.000,0.000,0.0,0.0,0.270,0.000,9.3,13.5,6200,18170
6200,18170,20200416,0.0,1.8,12.9,4.6,7.250,2790.4,2129.6,76.6,2.4,3.7,-0.6,0.640,0.5,0.0,0.0,0.0,0.000,0.000,0.000,0.0,0.0,0.269,0.000,11.2,16.0,6200,18170
6200,18170,20200417,0.0,4.4,12.0,3.7,8.820,3280.6,1010.4,97.3,2.1,1.5,2.3,0.646,0.5,0.3,0.0,0.0,0.000,0.000,0.000,0.0,0.0,0.268,0.000,11.5,12.6,6200,18170
6200,18170,20200418,0.0,1.6,13.5,2.0,9.382,2977.9,603.4,94.2,0.5,0.6,1.1,0.648,0.5,0.0,0.0,0.0,0.000,0.000,0.000,0.0,0.0,0.269,0.000,12.5,14.7,6200,18170
6200,18170,20200419,0.0,7.7,12.2,2.7,8.914,3276.4,437.6,97.2,1.1,0.7,6.6,0.662,0.5,0.5,0.0,0.0,0.000,0.000,0.000,0.0,0.0,0.269,0.000,11.3,12.6,6200,18170
6200,18170,20200420,0.0,31.3,13.3,0.8,9.584,3327.6,361.2,97.2,1.0,0.7,30.3,0.720,0.5,2.4,0.0,0.0,0.000,0.000,0.000,0.0,0.0,0.273,0.000,12.2,14.6,6200,18170
6200,18170,20200421,0.0,40.3,12.2,1.0,8.888,3312.2,429.5,96.6,1.5,0.9,38.8,0.834,0.6,5.3,0.0,0.0,0.000,0.000,0.000,0.0,0.0,0.288,0.000,12.0,12.9,6200,18170
6200,18170,20200422,0.0,3.1,12.5,2.9,8.780,3243.5,521.7,93.5,1.5,0.9,1.6,0.893,0.5,1.6,0.0,0.0,0.000,0.000,0.000,0.0,0.0,0.307,0.000,10.4,14.0,6200,18170
6200,18170,20200423,0.0,0.6,14.7,2.6,9.306,3087.5,1665.9,86.7,2.7,2.7,-2.1,0.889,0.5,0.1,0.0,0.0,0.000,0.000,0.000,0.0,0.0,0.307,0.000,12.0,17.9,6200,18170
6200,18170,20200424,0.0,0.0,15.4,1.7,8.012,2784.9,2457.1,71.9,3.7,4.1,-3.7,0.875,0.6,0.0,0.0,0.0,0.000,0.000,0.000,0.0,0.0,0.306,0.000,11.4,20.5,6200,18170
6200,18170,20200425,0.0,0.2,15.2,1.6,6.856,2688.2,2503.0,63.6,4.2,4.7,-4.0,0.857,0.6,0.0,0.0,0.0,0.000,0.000,0.000,0.0,0.0,0.303,0.000,10.8,22.6,6200,18170
6200,18170,20200426,0.0,6.0,15.2,1.8,8.591,2945.2,1657.3,78.5,2.9,3.1,3.1,0.846,0.6,0.2,0.0,0.0,0.000,0.000,0.000,0.0,0.0,0.300,0.000,10.0,22.5,6200,18170
6200,18170,20200427,0.0,9.9,14.0,3.8,9.005,2996.6,802.6,87.8,1.7,1.7,8.2,0.859,0.6,1.0,0.0,0.0,0.000,0.000,0.000,0.0,0.0,0.301,0.000,12.5,17.9,6200,18170
6200,18170,20200428,0.0,0.6,13.2,3.9,7.138,2929.1,1609.8,74.0,3.3,3.4,-2.7,0.871,0.6,0.7,0.0,0.0,0.000,0.000,0.000,0.0,0.0,0.305,0.000,11.0,17.8,6200,18170
6200,18170,20200429,0.0,0.1,14.6,2.5,7.030,2645.6,2263.1,66.3,3.4,4.0,-3.3,0.856,0.6,0.0,0.0,0.0,0.000,0.000,0.000,0.0,0.0,0.303,0.000,10.7,19.5,6200,18170
6200,18170,20200430,0.0,0.5,13.9,2.3,7.233,2799.0,1202.1,71.1,2.1,2.4,-1.6,0.844,0.7,0.0,0.0,0.0,0.000,0.000,0.000,0.0,0.0,0.300,0.000,11.7,17.6,6200,18170
6200,18170,20200501,0.0,2.4,14.2,4.3,8.558,2951.1,882.2,81.3,1.7,1.4,0.7,0.836,0.7,0.0,0.0,0.0,0.000,0.000,0.000,0.0,0.0,0.299,0.000,8.8,17.3,6200,18170
6200,18170,20200502,0.0,2.5,16.2,5.9,9.684,3173.8,928.0,81.6,2.2,2.5,0.3,0.839,0.6,0.4,0.0,0.0,0.000,0.000,0.000,0.0,0.0,0.298,0.000,14.5,19.0,6200,18170
6200,18170,20200503,0.0,0.0,18.2,3.4,9.214,2864.7,2820.8,69.0,4.5,5.3,-4.5,0.822,0.6,0.0,0.0,0.0,0.000,0.000,0.000,0.0,0.0,0.298,0.000,15.0,22.0,6200,18170
6200,18170,20200504,0.0,0.0,18.3,3.4,9.505,2865.7,2588.2,70.5,4.3,4.9,-4.3,0.802,0.6,0.0,0.0,0.0,0.000,0.000,0.000,0.0,0.0,0.295,0.000,13.1,24.1,6200,18170
6200,18170,20200505,0.0,0.0,19.5,1.7,10.016,3111.9,1935.3,69.4,3.2,4.1,-3.2,0.786,0.6,0.0,0.0,0.0,0.000,0.000,0.000,0.0,0.0,0.292,0.000,15.3,24.7,6200,18170
6200,18170,20200506,0.0,0.0,20.2,2.8,7.238,2822.4,2851.4,49.2,5.4,6.7,-5.4,0.765,0.6,0.0,0.0,0.0,0.000,0.000,0.000,0.0,0.0,0.289,0.000,15.7,25.7,6200,18170
6200,18170,20200507,0.0,0.0,17.4,2.6,8.315,2733.0,2984.6,65.1,4.0,5.8,-4.0,0.745,0.6,0.0,0.0,0.0,0.000,0.000,0.000,0.0,0.0,0.286,0.000,15.0,22.6,6200,18170
6200,18170,20200508,0.0,0.0,17.0,4.1,8.697,2765.6,2856.6,70.6,3.6,5.2,-3.6,0.729,0.6,0.0,0.0,0.0,0.000,0.000,0.000,0.0,0.0,0.283,0.000,13.6,21.3,6200,18170
6200,18170,20200509,0.0,3.6,14.8,4.4,9.500,3025.5,1615.9,87.2,1.9,2.6,1.7,0.721,0.6,0.1,0.0,0.0,0.000,0.000,0.000,0.0,0.0,0.281,0.000,14.0,16.5,6200,18170
6200,18170,20200510,0.0,79.9,13.8,4.9,9.860,3342.4,570.2,96.9,2.1,0.9,77.8,0.845,0.6,7.1,0.0,0.0,0.000,0.000,0.000,0.0,0.0,0.281,0.000,12.5,15.0,6200,18170
6200,18170,20200511,0.0,21.8,12.2,4.6,8.441,3206.2,682.9,92.3,2.4,1.2,19.4,1.012,0.8,7.3,0.0,0.0,0.000,0.000,0.000,0.0,0.0,0.319,0.000,11.2,13.6,6200,18170
6200,18170,20200512,0.0,1.9,14.2,2.6,8.005,2904.1,1533.8,76.7,2.6,2.9,-0.7,1.014,1.0,0.0,0.0,0.0,0.000,0.000,0.000,0.0,0.0,0.327,0.000,11.2,18.6,6200,18170
6200,18170,20200513,0.0,9.5,14.8,2.0,9.725,3310.5,802.5,89.6,2.3,1.6,7.2,1.015,1.1,1.0,0.0,0.0,0.000,0.000,0.000,0.0,0.0,0.325,0.000,11.9,17.9,6200,18170
6200,18170,20200514,0.0,5.4,13.5,1.5,8.845,3095.9,1224.1,88.5,2.4,2.1,3.0,1.017,1.2,0.7,0.0,0.0,0.000,0.000,0.000,0.0,0.0,0.327,0.000,11.5,17.6,6200,18170
6200,18170,20200515,0.0,3.9,14.2,1.5,8.844,3160.6,1110.5,84.8,2.3,2.0,1.6,1.014,1.3,0.7,0.0,0.0,0.000,0.000,0.000,0.0,0.0,0.327,0.000,10.2,18.3,6200,18170
6200,18170,20200516,0.0,0.8,14.6,3.2,8.292,2933.5,940.1,78.2,2.0,1.8,-1.2,1.002,1.3,0.2,0.0,0.0,0.000,0.000,0.000,0.0,0.0,0.325,0.000,11.8,17.1,6200,18170
6200,18170,20200517,0.0,0.0,16.1,4.7,6.859,2628.5,3130.3,59.0,5.6,5.9,-5.6,0.974,1.3,0.0,0.0,0.0,0.000,0.000,0.000,0.0,0.0,0.323,0.000,13.1,19.4,6200,18170
6200,18170,20200518,0.0,0.0,18.0,3.7,7.299,2683.6,3073.0,55.3,5.6,6.3,-5.6,0.942,1.2,0.0,0.0,0.0,0.000,0.000,0.000,0.0,0.0,0.318,0.000,13.4,22.7,6200,18170
6200,18170,20200519,0.0,0.0,19.3,4.4,7.927,2774.9,3153.5,54.8,5.9,6.9,-5.9,0.910,1.1,0.0,0.0,0.0,0.000,0.000,0.000,0.0,0.0,0.313,0.000,15.7,23.1,6200,18170
6200,18170,20200520,0.0,0.0,21.6,2.8,7.416,2810.6,3163.6,44.8,6.5,7.4,-6.5,0.877,1.1,0.0,0.0,0.0,0.000,0.000,0.000,0.0,0.0,0.308,0.000,16.3,26.7,6200,18170
6200,18170,20200521,0.0,0.0,22.8,2.4,9.723,2928.6,2918.9,54.7,5.6,6.6,-5.6,0.848,1.3,0.0,0.0,0.0,0.000,0.000,0.000,0.0,0.0,0.303,0.000,18.5,27.4,6200,18170
6200,18170,20200522,0.0,0.0,22.4,1.6,11.478,3046.4,3051.5,66.2,5.2,6.2,-5.2,0.822,1.8,0.0,0.0,0.0,0.000,0.000,0.000,0.0,0.0,0.299,0.000,18.0,27.9,6200,18170
6200,18170,20200523,0.0,0.0,17.1,4.2,9.706,3019.1,1782.3,76.4,2.8,3.8,-2.8,0.804,1.5,0.0,0.0,0.0,0.000,0.000,0.000,0.0,0.0,0.295,0.000,16.8,20.1,6200,18170
6200,18170,20200524,0.0,0.0,17.3,3.2,6.282,2612.7,3225.3,51.5,5.1,6.6,-5.1,0.782,1.3,0.0,0.0,0.0,0.000,0.000,0.000,0.0,0.0,0.292,0.000,12.2,22.8,6200,18170
6200,18170,20200525,0.0,0.0,18.9,1.4,7.240,2744.6,3157.1,52.5,4.8,6.1,-4.8,0.759,1.2,0.0,0.0,0.0,0.000,0.000,0.000,0.0,0.0,0.288,0.000,12.9,23.9,6200,18170
6200,18170,20200526,0.0,0.0,21.6,3.4,7.937,2797.6,3244.3,48.6,5.4,7.6,-5.4,0.736,1.0,0.0,0.0,0.0,0.000,0.000,0.000,0.0,0.0,0.285,0.000,16.4,27.1,6200,18170
6200,18170,20200527,0.0,0.0,19.4,2.2,8.996,2816.7,3144.8,62.8,4.2,6.4,-4.2,0.716,0.9,0.0,0.0,0.0,0.000,0.000,0.000,0.0,0.0,0.281,0.000,17.4,24.4,6200,18170
6200,18170,20200528,0.0,0.0,19.5,1.4,9.327,2824.8,3182.8,65.3,4.2,5.7,-4.2,0.697,0.8,0.0,0.0,0.0,0.000,0.000,0.000,0.0,0.0,0.279,0.000,12.9,25.3,6200,18170
6200,18170,20200529,0.0,0.0,19.4,2.7,9.161,2854.4,2154.5,64.0,3.0,4.6,-3.0,0.682,0.7,0.0,0.0,0.0,0.000,0.000,0.000,0.0,0.0,0.276,0.000,15.4,24.2,6200,18170
6200,18170,20200530,0.0,0.0,17.3,2.1,9.932,2929.2,2682.6,78.2,2.5,4.6,-2.5,0.670,0.7,0.0,0.0,0.0,0.000,0.000,0.000,0.0,0.0,0.274,0.000,15.7,20.5,6200,18170
6200,18170,20200531,0.0,0.0,16.9,3.2,10.527,3076.4,2058.1,84.5,1.7,3.1,-1.7,0.660,0.6,0.0,0.0,0.0,0.000,0.000,0.000,0.0,0.0,0.272,0.000,13.4,18.7,6200,18170
6200,18170,20200601,0.0,0.0,17.3,3.3,10.511,2956.2,2445.9,82.6,2.2,4.0,-2.2,0.651,0.6,0.0,0.0,0.0,0.000,0.000,0.000,0.0,0.0,0.270,0.000,15.7,19.8,6200,18170
6200,18170,20200602,0.0,1.0,18.5,1.4,11.161,3133.0,1944.4,81.6,2.7,3.4,-1.7,0.643,0.6,0.0,0.0,0.0,0.000,0.000,0.000,0.0,0.0,0.269,0.000,15.1,21.9,6200,18170
6200,18170,20200603,0.0,4.4,18.1,1.6,10.306,3110.5,1825.7,77.7,2.7,3.7,1.7,0.635,0.6,0.1,0.0,0.0,0.000,0.000,0.000,0.0,0.0,0.268,0.000,14.8,23.9,6200,18170
6200,18170,20200604,0.0,2.4,15.3,3.6,8.779,3077.6,1481.2,78.2,2.9,3.1,-0.5,0.640,0.6,0.2,0.0,0.0,0.000,0.000,0.000,0.0,0.0,0.268,0.000,14.9,17.3,6200,18170
6200,18170,20200605,0.0,0.1,14.2,5.1,7.901,2891.1,1756.8,75.5,2.1,3.2,-2.0,0.634,0.6,0.0,0.0,0.0,0.000,0.000,0.000,0.0,0.0,0.268,0.000,11.9,16.4,6200,18170
6200,18170,20200606,0.0,9.1,18.0,3.8,9.208,2930.6,2224.0,70.2,3.5,4.6,5.6,0.627,0.6,0.1,0.0,0.0,0.000,0.000,0.000,0.0,0.0,0.266,0.000,14.1,22.6,6200,18170
6200,18170,20200607,0.0,0.0,14.9,3.6,7.669,2898.5,1950.9,70.8,3.3,3.7,-3.3,0.639,0.6,0.5,0.0,0.0,0.000,0.000,0.000,0.0,0.0,0.269,0.000,14.0,16.4,6200,18170
6200,18170,20200608,0.0,0.0,14.9,4.9,6.917,2723.9,1967.9,63.8,3.0,4.2,-3.0,0.627,0.6,0.0,0.0,0.0,0.000,0.000,0.000,0.0,0.0,0.267,0.000,12.3,18.2,6200,18170
6200,18170,20200609,0.0,0.8,14.5,4.5,7.384,2707.1,2332.7,69.7,2.9,4.1,-2.1,0.616,0.5,0.0,0.0,0.0,0.000,0.000,0.000,0.0,0.0,0.265,0.000,12.1,17.2,6200,18170
6200,18170,20200610,0.0,0.0,16.2,4.4,6.935,2745.4,2480.8,59.7,3.4,5.1,-3.4,0.604,0.5,0.0,0.0,0.0,0.000,0.000,0.000,0.0,0.0,0.264,0.000,12.8,19.4,6200,18170
6200,18170,20200611,0.0,7.8,15.2,2.8,8.395,2830.3,1443.7,75.6,2.0,2.8,5.8,0.601,0.5,0.2,0.0,0.0,0.000,0.000,0.000,0.0,0.0,0.262,0.000,12.9,19.4,6200,18170
6200,18170,20200612,0.0,0.6,16.4,2.9,10.684,3173.0,1965.4,88.5,2.7,2.9,-2.1,0.614,0.5,0.3,0.0,0.0,0.000,0.000,0.000,0.0,0.0,0.264,0.000,11.2,20.2,6200,18170
6200,18170,20200613,0.0,1.0,17.2,2.9,8.977,2991.1,1793.8,71.3,3.1,3.8,-2.1,0.604,0.5,0.0,0.0,0.0,0.000,0.000,0.000,0.0,0.0,0.263,0.000,14.5,21.5,6200,18170
6200,18170,20200614,0.0,0.0,18.6,3.4,7.701,2816.4,2380.3,56.4,4.0,5.1,-4.0,0.591,0.5,0.0,0.0,0.0,0.000,0.000,0.000,0.0,0.0,0.262,0.000,13.3,22.8,6200,18170
6200,18170,20200615,0.0,0.0,18.8,3.9,8.301,2856.9,2486.6,60.1,3.5,5.6,-3.5,0.577,0.5,0.0,0.0,0.0,0.000,0.000,0.000,0.0,0.0,0.259,0.000,15.0,22.8,6200,18170
6200,18170,20200616,0.0,0.0,17.9,3.8,8.551,2813.6,1781.5,65.0,2.4,4.1,-2.4,0.566,0.5,0.0,0.0,0.0,0.000,0.000,0.000,0.0,0.0,0.257,0.000,15.6,21.5,6200,18170
6200,18170,20200617,0.0,0.0,17.4,3.5,7.518,2768.6,2718.3,59.5,3.1,5.7,-3.1,0.554,0.5,0.0,0.0,0.0,0.000,0.000,0.000,0.0,0.0,0.256,0.000,14.7,21.2,6200,18170
6200,18170,20200618,0.0,0.0,17.3,2.3,7.724,2822.2,2044.1,61.4,2.4,4.2,-2.4,0.544,0.5,0.0,0.0,0.0,0.000,0.000,0.000,0.0,0.0,0.254,0.000,13.5,21.8,6200,18170
6200,18170,20200619,0.0,0.0,19.2,3.0,7.474,2796.3,2904.0,53.7,3.4,6.1,-3.4,0.532,0.5,0.0,0.0,0.0,0.000,0.000,0.000,0.0,0.0,0.252,0.000,12.6,24.6,6200,18170
6200,18170,20200620,0.0,0.0,20.8,2.7,8.178,2855.0,3094.1,52.3,3.3,6.8,-3.3,0.519,0.5,0.0,0.0,0.0,0.000,0.000,0.000,0.0,0.0,0.250,0.000,14.7,26.5,6200,18170
6200,18170,20200621,0.0,0.0,21.6,4.4,8.841,2906.4,3318.6,54.2,3.0,7.8,-3.0,0.507,0.5,0.0,0.0,0.0,0.000,0.000,0.000,0.0,0.0,0.248,0.000,16.9,26.0,6200,18170
6200,18170,20200622,0.0,0.0,22.0,4.0,9.387,2931.2,3286.2,55.7,2.7,7.6,-2.7,0.496,0.5,0.0,0.0,0.0,0.000,0.000,0.000,0.0,0.0,0.246,0.000,18.6,25.6,6200,18170
6200,18170,20200623,0.0,0.0,22.6,2.0,9.956,3036.7,3244.8,57.3,2.7,7.3,-2.7,0.485,0.5,0.0,0.0,0.0,0.000,0.000,0.000,0.0,0.0,0.245,0.000,18.0,29.1,6200,18170
6200,18170,20200624,0.0,0.0,21.4,3.1,10.796,3075.9,3254.9,65.9,2.2,7.0,-2.2,0.476,0.5,0.0,0.0,0.0,0.000,0.000,0.000,0.0,0.0,0.243,0.000,16.9,27.0,6200,18170
6200,18170,20200625,0.0,0.0,23.1,2.4,11.585,3159.7,3060.3,64.0,2.3,6.9,-2.3,0.467,0.5,0.0,0.0,0.0,0.000,0.000,0.000,0.0,0.0,0.242,0.000,18.2,28.7,6200,18170
6200,18170,20200626,0.0,1.0,22.1,3.2,11.776,3176.6,2099.1,68.2,2.3,5.0,-1.3,0.461,0.5,0.0,0.0,0.0,0.000,0.000,0.000,0.0,0.0,0.240,0.000,18.9,26.6,6200,18170
6200,18170,20200627,0.0,0.0,22.6,2.7,12.288,3138.1,2247.6,69.8,1.7,5.2,-1.7,0.454,0.5,0.0,0.0,0.0,0.000,0.000,0.000,0.0,0.0,0.240,0.000,19.4,27.9,6200,18170
6200,18170,20200628,0.0,0.4,24.5,1.7,12.772,3220.1,2183.4,65.3,2.2,4.8,-1.8,0.447,0.5,0.0,0.0,0.0,0.000,0.000,0.000,0.0,0.0,0.239,0.000,17.9,30.0,6200,18170
6200,18170,20200629,0.0,0.0,21.9,4.6,10.926,3211.7,1884.1,64.9,1.7,5.7,-1.7,0.441,0.5,0.0,0.0,0.0,0.000,0.000,0.000,0.0,0.0,0.237,0.000,20.7,25.6,6200,18170
6200,18170,20200630,0.0,1.5,23.7,3.2,10.593,3144.4,2788.2,56.8,2.6,6.9,-1.1,0.433,0.5,0.0,0.0,0.0,0.000,0.000,0.000,0.0,0.0,0.236,0.000,17.7,29.1,6200,18170
6280,18170,20200101,0.0,0.0,5.6,1.1,4.732,2722.4,803.2,82.0,0.9,1.2,-0.9,0.823,0.6,0.0,0.0,0.0,0.000,0.000,0.000,0.0,0.0,0.304,0.000,1.6,11.6,6280,18170
6280,18170,20200102,0.0,0.0,6.8,2.2,5.506,2819.5,681.1,86.9,0.6,0.8,-0.6,0.816,0.6,0.0,0.0,0.0,0.000,0.000,0.000,0.0,0.0,0.303,0.000,2.6,8.6,6280,18170
6280,18170,20200103,0.0,0.1,8.8,3.4,5.765,2551.2,832.0,79.6,0.7,1.1,-0.6,0.810,0.5,0.0,0.0,0.0,0.000,0.000,0.000,0.0,0.0,0.302,0.000,7.1,10.4,6280,18170
6280,18170,20200104,0.0,0.0,8.9,5.8,5.437,2517.3,784.5,74.7,1.1,1.7,-1.1,0.803,0.5,0.0,0.0,0.0,0.000,0.000,0.000,0.0,0.0,0.301,0.000,8.5,10.4,6280,18170
6280,18170,20200105,0.0,0.0,6.9,3.7,4.007,2396.9,950.1,64.2,1.4,2.3,-1.4,0.795,0.5,0.0,0.0,0.0,0.000,0.000,0.000,0.0,0.0,0.300,0.000,4.1,13.3,6280,18170
6280,18170,20200106,0.0,0.0,7.1,2.6,5.163,2601.0,771.2,79.4,0.7,1.0,-0.7,0.789,0.5,0.0,0.0,0.0,0.000,0.000,0.000,0.0,0.0,0.299,0.000,3.0,10.7,6280,18170
6280,18170,20200107,0.0,0.0,8.4,4.1,5.100,2612.7,812.2,72.3,0.8,1.6,-0.8,0.783,0.5,0.0,0.0,0.0,0.000,0.000,0.000,0.0,0.0,0.298,0.000,5.3,10.6,6280,18170
6280,18170,20200108,0.0,0.1,9.6,1.0,6.315,2751.4,585.3,82.9,0.5,0.9,-0.4,0.778,0.5,0.0,0.0,0.0,0.000,0.000,0.000,0.0,0.0,0.297,0.000,8.3,13.2,6280,18170
6280,18170,20200109,0.0,0.6,8.9,3.8,6.150,2679.8,706.9,84.6,0.7,0.9,-0.1,0.774,0.5,0.0,0.0,0.0,0.000,0.000,0.000,0.0,0.0,0.296,0.000,5.9,11.4,6280,18170
6280,18170,20200110,0.0,0.7,8.2,4.8,5.529,2705.2,650.8,79.2,1.2,1.4,-0.5,0.771,0.5,0.1,0.0,0.0,0.000,0.000,0.000,0.0,0.0,0.296,0.000,7.8,9.9,6280,18170
6280,18170,20200111,0.0,0.0,5.9,3.3,4.001,2381.0,958.7,68.2,1.1,2.0,-1.1,0.765,0.5,0.0,0.0,0.0,0.000,0.000,0.000,0.0,0.0,0.295,0.000,5.0,10.5,6280,18170
6280,18170,20200112,0.0,0.1,3.7,1.2,3.729,2372.0,955.2,74.2,0.9,1.2,-0.8,0.759,0.5,0.0,0.0,0.0,0.000,0.000,0.000,0.0,0.0,0.294,0.000,-0.1,9.4,6280,18170
6280,18170,20200113,0.0,0.1,4.5,2.5,3.787,2426.0,975.6,70.3,1.0,1.5,-0.9,0.753,0.5,0.0,0.0,0.0,0.000,0.000,0.000,0.0,0.0,0.293,0.000,-0.9,10.1,6280,18170
6280,18170,20200114,0.0,0.2,8.8,4.9,5.967,2676.4,847.8,82.5,0.9,1.1,-0.7,0.748,0.5,0.0,0.0,0.0,0.000,0.000,0.000,0.0,0.0,0.292,0.000,5.2,11.0,6280,18170
6280,18170,20200115,0.0,0.1,9.5,4.6,6.533,2658.1,844.3,86.1,0.7,1.2,-0.6,0.744,0.5,0.0,0.0,0.0,0.000,0.000,0.000,0.0,0.0,0.291,0.000,8.9,10.9,6280,18170
6280,18170,20200116,0.0,0.2,9.5,3.7,6.995,2821.8,717.4,92.1,0.5,0.8,-0.3,0.740,0.5,0.0,0.0,0.0,0.000,0.000,0.000,0.0,0.0,0.291,0.000,8.2,10.8,6280,18170
6280,18170,20200117,0.0,5.6,9.0,4.9,6.611,2970.5,285.2,88.8,1.7,0.6,3.9,0.747,0.4,0.4,0.0,0.0,0.000,0.000,0.000,0.0,0.0,0.290,0.000,6.9,11.0,6280,18170
6280,18170,20200118,0.0,0.0,5.5,2.1,4.247,2320.5,737.7,73.8,0.7,1.2,-0.7,0.747,0.4,0.0,0.0,0.0,0.000,0.000,0.000,0.0,0.0,0.292,0.000,3.6,10.6,6280,18170
6280,18170,20200119,0.0,0.0,4.5,3.5,2.880,1976.2,937.7,53.9,0.9,1.9,-0.9,0.743,0.4,0.0,0.0,0.0,0.000,0.000,0.000,0.0,0.0,0.291,0.001,2.7,7.9,6280,18170
6280,18170,20200120,0.0,3.8,2.3,2.1,3.384,2267.3,229.1,73.3,0.2,0.7,3.6,0.741,0.4,0.0,0.0,0.0,0.000,0.000,0.000,0.0,0.0,0.289,0.001,-0.3,3.9,6280,18170
6280,18170,20200121,0.0,10.2,5.9,6.1,4.641,2631.1,299.0,78.6,1.2,1.0,9.0,0.764,0.4,0.9,0.0,0.0,0.000,0.000,0.000,0.0,0.0,0.292,0.000,2.7,8.1,6280,18170
6280,18170,20200122,0.0,9.4,7.9,6.6,5.879,2925.6,176.5,86.1,1.2,1.0,8.2,0.797,0.4,1.6,0.0,0.0,0.000,0.000,0.000,0.0,0.0,0.297,0.000,6.6,9.7,6280,18170
6280,18170,20200123,0.0,35.6,9.9,6.1,7.114,2985.0,219.3,90.9,0.7,0.6,34.9,0.881,0.6,5.2,0.0,0.0,0.000,0.000,0.000,0.0,0.0,0.301,0.000,8.8,10.9,6280,18170
6280,18170,20200124,0.0,0.2,9.7,3.7,7.168,2799.3,640.7,93.0,0.7,0.6,-0.5,0.905,0.5,0.0,0.0,0.0,0.000,0.000,0.000,0.0,0.0,0.318,0.000,8.4,10.8,6280,18170
6280,18170,20200125,0.0,4.5,9.5,3.0,6.983,2945.9,522.2,92.0,0.8,0.8,3.7,0.904,0.6,0.4,0.0,0.0,0.000,0.000,0.000,0.0,0.0,0.317,0.000,8.0,11.0,6280,18170
6280,18170,20200126,0.0,0.2,8.1,1.7,6.482,2937.1,186.0,93.4,0.4,0.3,-0.2,0.907,0.7,0.2,0.0,0.0,0.000,0.000,0.000,0.0,0.0,0.318,0.000,7.7,9.3,6280,18170
6280,18170,20200127,0.0,0.4,6.0,2.2,5.416,2703.8,612.6,90.3,0.6,0.6,-0.2,0.900,0.7,0.0,0.0,0.0,0.000,0.000,0.000,0.0,0.0,0.317,0.000,3.5,8.3,6280,18170
6280,18170,20200128,0.0,0.8,8.6,5.3,5.573,2657.9,808.6,78.8,1.6,1.5,-0.8,0.894,0.7,0.1,0.0,0.0,0.000,0.000,0.000,0.0,0.0,0.316,0.000,5.4,11.9,6280,18170
6280,18170,20200129,0.0,0.1,8.7,3.8,5.184,2492.0,990.1,72.5,1.2,1.9,-1.1,0.883,0.7,0.0,0.0,0.0,0.000,0.000,0.000,0.0,0.0,0.315,0.000,7.2,12.1,6280,18170
6280,18170,20200130,0.0,0.1,9.8,0.9,6.629,2842.7,288.1,85.1,0.1,0.4,0.0,0.877,0.7,0.0,0.0,0.0,0.000,0.000,0.000,0.0,0.0,0.313,0.000,6.1,12.3,6280,18170
6280,18170,20200131,0.0,0.1,12.7,2.2,7.421,2924.2,576.3,79.5,0.8,1.4,-0.7,0.870,0.7,0.0,0.0,0.0,0.000,0.000,0.000,0.0,0.0,0.312,0.000,10.2,17.6,6280,18170
6280,18170,20200201,0.0,0.9,11.5,3.5,7.632,2943.5,633.5,87.4,1.1,0.9,-0.2,0.863,0.7,0.0,0.0,0.0,0.000,0.000,0.000,0.0,0.0,0.311,0.000,8.2,13.8,6280,18170
6280,18170,20200202,0.0,0.0,15.3,1.9,8.231,2885.2,540.4,73.9,0.5,1.4,-0.5,0.857,0.7,0.0,0.0,0.0,0.000,0.000,0.000,0.0,0.0,0.310,0.000,12.0,19.7,6280,18170
6280,18170,20200203,0.0,0.2,15.7,3.6,6.225,2637.1,1257.9,54.7,2.5,3.6,-2.3,0.845,0.7,0.0,0.0,0.0,0.000,0.000,0.000,0.0,0.0,0.309,0.000,13.3,20.4,6280,18170
6280,18170,20200204,0.0,0.1,9.8,7.2,4.925,2410.2,1243.2,62.2,2.2,2.8,-2.1,0.833,0.7,0.0,0.0,0.0,0.000,0.000,0.000,0.0,0.0,0.307,0.000,7.9,12.1,6280,18170
6280,18170,20200205,0.0,0.1,7.0,3.3,3.773,2245.0,1299.2,60.0,1.7,2.4,-1.6,0.823,0.6,0.0,0.0,0.0,0.000,0.000,0.000,0.0,0.0,0.305,0.000,4.4,11.8,6280,18170
6280,18170,20200206,0.0,0.0,6.4,3.3,4.429,2349.5,1278.3,70.3,1.2,1.5,-1.2,0.814,0.6,0.0,0.0,0.0,0.000,0.000,0.000,0.0,0.0,0.303,0.000,0.7,10.4,6280,18170
6280,18170,20200207,0.0,0.0,9.1,3.6,6.041,2602.0,1143.8,82.0,1.0,1.5,-1.0,0.806,0.6,0.0,0.0,0.0,0.000,0.000,0.000,0.0,0.0,0.302,0.000,7.6,10.7,6280,18170
6280,18170,20200208,0.0,3.1,9.4,2.6,6.687,2742.1,1006.5,88.8,0.8,1.3,2.3,0.802,0.6,0.1,0.0,0.0,0.000,0.000,0.000,0.0,0.0,0.301,0.000,8.3,11.2,6280,18170
6280,18170,20200209,0.0,0.6,9.5,1.8,7.244,2905.7,682.8,95.5,0.7,0.7,-0.1,0.805,0.6,0.2,0.0,0.0,0.000,0.000,0.000,0.0,0.0,0.301,0.000,8.7,10.0,6280,18170
6280,18170,20200210,0.0,0.4,12.2,5.2,7.327,2758.4,1064.9,80.8,1.8,1.9,-1.4,0.799,0.6,0.0,0.0,0.0,0.000,0.000,0.000,0.0,0.0,0.301,0.000,8.6,16.2,6280,18170
6280,18170,20200211,0.0,0.7,11.1,7.4,5.988,2624.9,1075.2,70.8,1.9,2.8,-1.2,0.790,0.6,0.0,0.0,0.0,0.000,0.000,0.000,0.0,0.0,0.299,0.000,10.3,13.5,6280,18170
6280,18170,20200212,0.0,0.0,7.8,2.8,4.512,2389.4,1292.1,67.6,1.6,2.2,-1.6,0.782,0.6,0.0,0.0,0.0,0.000,0.000,0.000,0.0,0.0,0.298,0.000,5.0,13.0,6280,18170
6280,18170,20200213,0.0,0.0,8.9,2.6,5.235,2543.2,810.6,70.8,0.8,1.2,-0.8,0.776,0.5,0.0,0.0,0.0,0.000,0.000,0.000,0.0,0.0,0.297,0.000,4.4,12.3,6280,18170
6280,18170,20200214,0.0,0.0,10.4,4.8,4.799,2380.2,1439.9,60.0,1.9,3.3,-1.9,0.767,0.5,0.0,0.0,0.0,0.000,0.000,0.000,0.0,0.0,0.296,0.000,9.2,14.3,6280,18170
6280,18170,20200215,0.0,0.4,9.3,2.4,5.332,2606.6,1314.3,72.1,1.6,2.3,-1.2,0.758,0.5,0.0,0.0,0.0,0.000,0.000,0.000,0.0,0.0,0.294,0.000,5.7,14.9,6280,18170
6280,18170,20200216,0.0,1.9,10.1,5.0,7.765,3263.7,418.6,97.6,0.4,0.6,1.5,0.755,0.5,0.0,0.0,0.0,0.000,0.000,0.000,0.0,0.0,0.293,0.000,8.8,10.9,6280,18170
6280,18170,20200217,0.0,0.4,10.2,4.4,7.079,2778.8,877.3,88.2,1.0,1.2,-0.6,0.757,0.5,0.2,0.0,0.0,0.000,0.000,0.000,0.0,0.0,0.293,0.000,9.0,12.5,6280,18170
6280,18170,20200218,0.0,0.1,7.9,4.4,4.519,2249.9,1481.7,66.8,1.7,2.4,-1.6,0.749,0.5,0.0,0.0,0.0,0.000,0.000,0.000,0.0,0.0,0.293,0.000,5.6,11.5,6280,18170
6280,18170,20200219,0.0,0.1,8.1,4.3,5.048,2504.4,1196.0,73.6,1.3,2.1,-1.2,0.743,0.5,0.0,0.0,0.0,0.000,0.000,0.000,0.0,0.0,0.292,0.000,6.2,11.6,6280,18170
6280,18170,20200220,0.0,0.0,8.8,1.4,4.751,2435.3,1491.9,66.8,1.6,2.2,-1.6,0.735,0.5,0.0,0.0,0.0,0.000,0.000,0.000,0.0,0.0,0.290,0.000,3.8,15.0,6280,18170
6280,18170,20200221,0.0,0.0,9.3,2.9,5.210,2550.2,1304.9,69.6,1.4,2.2,-1.4,0.728,0.5,0.0,0.0,0.0,0.000,0.000,0.000,0.0,0.0,0.289,0.000,5.9,13.9,6280,18170
6280,18170,20200222,0.0,0.0,9.5,1.7,4.442,2453.8,1594.7,59.3,1.8,2.6,-1.8,0.720,0.5,0.0,0.0,0.0,0.000,0.000,0.000,0.0,0.0,0.288,0.000,4.0,15.3,6280,18170
6280,18170,20200223,0.0,0.0,12.4,2.4,4.666,2539.6,1617.1,50.3,2.1,3.5,-2.1,0.711,0.5,0.0,0.0,0.0,0.000,0.000,0.000,0.0,0.0,0.287,0.000,7.2,19.2,6280,18170
6280,18170,20200224,0.0,0.0,13.0,2.6,5.235,2523.1,1632.9,55.3,2.1,3.2,-2.1,0.701,0.5,0.0,0.0,0.0,0.000,0.000,0.000,0.0,0.0,0.285,0.000,6.3,19.4,6280,18170
6280,18170,20200225,0.0,3.1,9.9,7.7,5.720,2622.5,1189.7,73.4,2.5,2.1,0.6,0.695,0.5,0.0,0.0,0.0,0.000,0.000,0.000,0.0,0.0,0.284,0.000,7.1,11.5,6280,18170
6280,18170,20200226,0.0,4.7,6.2,6.4,5.131,2563.6,1139.4,84.6,1.2,1.3,3.5,0.698,0.5,0.1,0.0,0.0,0.000,0.000,0.000,0.0,0.0,0.284,0.000,5.7,6.7,6280,18170
6280,18170,20200227,0.0,5.7,8.0,6.5,5.821,2748.2,562.2,84.4,1.2,0.9,4.5,0.721,0.5,0.9,0.0,0.0,0.000,0.000,0.000,0.0,0.0,0.285,0.000,3.8,11.0,6280,18170
6280,18170,20200228,0.0,0.7,9.5,1.7,6.359,2744.2,968.9,82.9,1.2,1.4,-0.5,0.719,0.5,0.0,0.0,0.0,0.000,0.000,0.000,0.0,0.0,0.287,0.000,4.9,14.7,6280,18170
6280,18170,20200229,0.0,0.1,11.2,4.8,6.882,2732.2,877.2,80.9,1.1,1.7,-1.0,0.715,0.5,0.0,0.0,0.0,0.000,0.000,0.000,0.0,0.0,0.287,0.000,8.8,14.9,6280,18170
6280,18170,20200301,0.0,1.0,9.9,1.9,5.439,2547.2,1172.4,70.2,1.5,1.9,-0.5,0.710,0.5,0.0,0.0,0.0,0.000,0.000,0.000,0.0,0.0,0.286,0.000,7.0,14.3,6280,18170
6280,18170,20200302,0.0,9.2,6.9,6.9,5.506,2873.9,507.8,86.0,2.8,1.0,6.4,0.724,0.5,0.7,0.0,0.0,0.000,0.000,0.000,0.0,0.0,0.285,0.000,5.1,8.8,6280,18170
6280,18170,20200303,0.1,14.0,4.6,3.0,4.647,2767.4,471.3,85.7,1.5,0.8,12.6,0.750,0.5,1.3,0.0,0.0,0.000,0.000,0.000,0.0,0.1,0.289,0.000,2.1,7.0,6280,18170
6280,18170,20200304,0.0,0.9,8.5,2.8,6.312,2820.5,633.5,86.8,0.5,0.6,0.4,0.768,0.5,0.2,0.0,0.0,0.000,0.000,0.000,0.0,0.0,0.295,0.000,2.6,11.5,6280,18170
6280,18170,20200305,0.0,3.4,9.9,4.7,6.854,2800.2,666.6,86.7,1.3,1.2,2.1,0.775,0.5,0.4,0.0,0.0,0.000,0.000,0.000,0.0,0.0,0.295,0.000,8.6,13.4,6280,18170
6280,18170,20200306,0.0,5.4,5.9,5.8,4.781,2493.3,702.8,80.4,1.4,1.2,4.0,0.785,0.5,0.6,0.0,0.0,0.000,0.000,0.000,0.0,0.0,0.296,0.000,4.4,8.0,6280,18170
6280,18170,20200307,0.0,0.1,7.0,5.9,4.235,2247.3,1784.2,66.4,2.0,2.5,-1.9,0.779,0.5,0.0,0.0,0.0,0.000,0.000,0.000,0.0,0.0,0.298,0.000,4.5,9.2,6280,18170
6280,18170,20200308,0.0,1.2,11.2,3.9,5.111,2390.6,1746.0,60.9,2.7,3.3,-1.5,0.770,0.5,0.0,0.0,0.0,0.000,0.000,0.000,0.0,0.0,0.296,0.000,7.4,16.5,6280,18170
6280,18170,20200309,0.0,0.8,8.5,6.3,5.067,2463.6,1483.2,71.5,1.8,2.3,-1.0,0.764,0.5,0.1,0.0,0.0,0.000,0.000,0.000,0.0,0.0,0.295,0.000,7.2,9.5,6280,18170
6280,18170,20200310,0.0,0.0,9.6,4.5,5.697,2654.4,1141.8,74.5,1.4,1.9,-1.4,0.759,0.5,0.1,0.0,0.0,0.000,0.000,0.000,0.0,0.0,0.294,0.000,7.1,11.3,6280,18170
6280,18170,20200311,0.0,0.0,12.9,2.7,6.740,2784.9,1839.7,71.0,2.5,3.4,-2.5,0.749,0.5,0.0,0.0,0.0,0.000,0.000,0.000,0.0,0.0,0.293,0.000,9.3,18.2,6280,18170
6280,18170,20200312,0.0,0.4,13.5,2.8,7.056,2620.4,1181.3,71.6,1.5,2.1,-1.1,0.741,0.5,0.0,0.0,0.0,0.000,0.000,0.000,0.0,0.0,0.291,0.000,10.1,18.1,6280,18170
6280,18170,20200313,0.0,0.0,12.0,4.5,4.805,2399.9,1838.5,53.8,2.8,4.1,-2.8,0.731,0.5,0.0,0.0,0.0,0.000,0.000,0.000,0.0,0.0,0.290,0.000,10.3,16.3,6280,18170
6280,18170,20200314,0.0,0.0,9.7,3.8,4.145,2285.3,2061.6,54.7,2.5,3.8,-2.5,0.720,0.5,0.0,0.0,0.0,0.000,0.000,0.000,0.0,0.0,0.288,0.000,7.2,14.3,6280,18170
6280,18170,20200315,0.0,2.2,8.7,4.0,5.656,2604.2,1757.7,77.3,1.6,2.2,0.6,0.713,0.5,0.0,0.0,0.0,0.000,0.000,0.000,0.0,0.0,0.287,0.000,6.2,10.1,6280,18170
6280,18170,20200316,0.0,3.8,9.5,5.0,6.969,2980.9,590.9,91.9,1.6,0.7,2.2,0.721,0.5,0.3,0.0,0.0,0.000,0.000,0.000,0.0,0.0,0.287,0.000,8.3,10.0,6280,18170
6280,18170,20200317,0.0,0.0,10.2,2.1,5.797,2626.5,1169.0,73.2,1.3,1.9,-1.3,0.718,0.5,0.0,0.0,0.0,0.000,0.000,0.000,0.0,0.0,0.287,0.000,8.4,13.3,6280,18170
6280,18170,20200318,0.0,0.1,11.9,1.5,6.152,2648.2,1914.8,69.9,2.4,3.2,-2.3,0.709,0.5,0.0,0.0,0.0,0.000,0.000,0.000,0.0,0.0,0.287,0.000,7.0,19.5,6280,18170
6280,18170,20200319,0.0,0.0,11.3,2.4,5.418,2477.7,2004.1,65.1,2.5,3.5,-2.5,0.698,0.5,0.0,0.0,0.0,0.000,0.000,0.000,0.0,0.0,0.285,0.000,7.5,18.2,6280,18170
6280,18170,20200320,0.0,0.0,10.2,2.9,5.390,2348.2,2086.0,69.0,2.1,3.2,-2.1,0.688,0.5,0.0,0.0,0.0,0.000,0.000,0.000,0.0,0.0,0.283,0.000,6.1,16.3,6280,18170
6280,18170,20200321,0.0,0.0,10.9,2.5,6.453,2596.5,1602.0,78.3,1.5,2.3,-1.5,0.681,0.5,0.0,0.0,0.0,0.000,0.000,0.000,0.0,0.0,0.282,0.000,7.5,15.3,6280,18170
6280,18170,20200322,0.0,0.0,11.2,2.4,6.436,2602.4,1636.1,76.7,1.6,2.4,-1.6,0.674,0.5,0.0,0.0,0.0,0.000,0.000,0.000,0.0,0.0,0.281,0.000,7.6,15.5,6280,18170
6280,18170,20200323,0.0,0.1,10.3,2.9,6.606,2729.3,817.8,82.9,0.7,1.4,-0.6,0.669,0.4,0.0,0.0,0.0,0.000,0.000,0.000,0.0,0.0,0.279,0.000,8.9,13.0,6280,18170
6280,18170,20200324,0.0,0.7,7.3,1.8,5.902,2720.5,1444.1,89.8,1.3,1.6,-0.6,0.666,0.4,0.0,0.0,0.0,0.000,0.000,0.000,0.0,0.0,0.279,0.000,6.8,8.6,6280,18170
6280,18170,20200325,0.5,14.3,5.9,2.6,4.526,2496.9,1887.8,76.6,1.9,2.3,12.9,0.669,0.4,0.3,0.0,0.0,0.000,0.000,0.000,0.0,0.5,0.278,0.000,3.0,9.4,6280,18170
6280,18170,20200326,0.2,5.8,3.7,2.8,4.575,2659.0,429.8,89.9,0.7,0.4,5.3,0.721,0.4,1.5,0.0,0.1,0.000,0.001,0.001,0.0,0.4,0.285,0.000,1.0,5.5,6280,18170
6280,18170,20200327,0.0,0.1,9.5,3.4,4.314,2387.2,937.8,58.1,1.2,2.3,-1.1,0.719,0.4,0.0,0.0,0.0,0.000,0.000,0.000,0.0,0.0,0.288,0.000,5.3,14.8,6280,18170
6280,18170,20200328,0.0,0.0,12.4,3.2,4.234,2479.6,1144.6,47.2,1.6,3.2,-1.6,0.713,0.4,0.0,0.0,0.0,0.000,0.000,0.000,0.0,0.0,0.287,0.000,6.7,18.4,6280,18170
6280,18170,20200329,0.0,0.4,10.9,6.4,4.997,2564.1,1578.9,60.0,2.7,3.7,-2.3,0.703,0.4,0.0,0.0,0.0,0.000,0.000,0.000,0.0,0.0,0.286,0.000,9.0,13.9,6280,18170
6280,18170,20200330,0.0,0.1,5.1,3.6,4.241,2461.4,975.1,75.8,1.1,1.4,-1.0,0.697,0.4,0.0,0.0,0.0,0.000,0.000,0.000,0.0,0.0,0.284,0.000,3.2,6.8,6280,18170
6280,18170,20200331,0.0,2.2,8.6,3.3,5.371,2683.1,1017.2,75.6,1.6,1.7,0.6,0.693,0.4,0.0,0.0,0.0,0.000,0.000,0.000,0.0,0.0,0.283,0.000,2.1,14.2,6280,18170
6280,18170,20200401,0.0,1.3,7.7,3.1,5.862,2781.0,1381.2,86.9,1.5,1.6,-0.2,0.693,0.4,0.1,0.0,0.0,0.000,0.000,0.000,0.0,0.0,0.283,0.000,7.2,8.2,6280,18170
6280,18170,20200402,0.0,0.0,9.8,2.7,5.389,2580.9,1752.7,70.1,2.0,2.6,-2.0,0.689,0.4,0.1,0.0,0.0,0.000,0.000,0.000,0.0,0.0,0.283,0.000,6.8,12.0,6280,18170
6280,18170,20200403,0.0,0.0,10.5,3.7,4.375,2262.1,2410.6,55.7,3.0,4.0,-3.0,0.678,0.4,0.0,0.0,0.0,0.000,0.000,0.000,0.0,0.0,0.282,0.000,6.4,15.1,6280,18170
6280,18170,20200404,0.0,0.0,10.6,2.5,4.583,2288.1,2510.1,57.1,2.7,3.9,-2.7,0.667,0.4,0.0,0.0,0.0,0.000,0.000,0.000,0.0,0.0,0.280,0.000,5.6,17.0,6280,18170
6280,18170,20200405,0.0,0.0,11.4,4.4,5.260,2360.1,2440.5,62.7,2.7,4.3,-2.7,0.656,0.4,0.0,0.0,0.0,0.000,0.000,0.000,0.0,0.0,0.278,0.000,8.2,16.7,6280,18170
6280,18170,20200406,0.0,0.0,11.6,3.3,4.867,2398.0,2269.0,57.7,2.5,4.0,-2.5,0.645,0.4,0.0,0.0,0.0,0.000,0.000,0.000,0.0,0.0,0.276,0.000,7.5,17.0,6280,18170
6280,18170,20200407,0.0,0.0,12.5,3.5,4.962,2471.9,1765.3,54.1,2.1,3.9,-2.1,0.636,0.4,0.0,0.0,0.0,0.000,0.000,0.000,0.0,0.0,0.275,0.000,9.2,18.2,6280,18170
6280,18170,20200408,0.0,0.0,13.1,3.1,4.647,2554.0,1286.8,49.1,1.8,3.5,-1.8,0.628,0.4,0.0,0.0,0.0,0.000,0.000,0.000,0.0,0.0,0.273,0.000,9.8,17.7,6280,18170
6280,18170,20200409,0.0,0.0,13.4,2.4,4.595,2457.6,2471.6,47.8,2.9,4.9,-2.9,0.618,0.4,0.0,0.0,0.0,0.000,0.000,0.000,0.0,0.0,0.272,0.000,8.6,20.0,6280,18170
6280,18170,20200410,0.0,0.0,12.7,3.0,4.766,2453.1,2623.9,50.5,2.8,4.9,-2.8,0.606,0.4,0.0,0.0,0.0,0.000,0.000,0.000,0.0,0.0,0.270,0.000,6.3,20.2,6280,18170
6280,18170,20200411,0.0,0.0,13.0,2.6,7.078,2648.9,2053.1,74.2,1.7,3.3,-1.7,0.598,0.4,0.0,0.0,0.0,0.000,0.000,0.000,0.0,0.0,0.268,0.000,9.7,17.9,6280,18170
6280,18170,20200412,0.0,0.0,13.3,4.2,7.267,2580.9,1418.7,75.3,1.3,2.5,-1.3,0.592,0.4,0.0,0.0,0.0,0.000,0.000,0.000,0.0,0.0,0.267,0.000,10.9,16.9,6280,18170
6280,18170,20200413,0.0,14.7,10.5,3.3,7.550,2964.4,735.3,92.9,1.0,0.9,13.7,0.611,0.4,1.0,0.0,0.0,0.000,0.000,0.000,0.0,0.0,0.266,0.000,9.4,11.3,6280,18170
6280,18170,20200414,0.0,0.0,14.6,3.0,7.156,2596.8,2488.8,68.7,3.8,4.1,-3.8,0.626,0.4,0.0,0.0,0.0,0.000,0.000,0.000,0.0,0.0,0.274,0.000,9.4,20.4,6280,18170
6280,18170,20200415,0.0,0.2,11.8,4.3,6.642,2690.0,1993.6,74.2,2.0,3.2,-1.8,0.616,0.4,0.0,0.0,0.0,0.000,0.000,0.000,0.0,0.0,0.271,0.000,9.8,14.1,6280,18170
6280,18170,20200416,0.0,1.8,13.3,4.7,7.367,2799.1,2116.6,76.4,2.5,3.8,-0.7,0.608,0.4,0.0,0.0,0.0,0.000,0.000,0.000,0.0,0.0,0.270,0.000,11.6,16.6,6280,18170
6280,18170,20200417,0.0,4.3,12.2,3.7,8.912,3315.8,1006.5,97.6,2.1,1.5,2.2,0.615,0.4,0.3,0.0,0.0,0.000,0.000,0.000,0.0,0.0,0.269,0.000,11.6,12.9,6280,18170
6280,18170,20200418,0.0,1.5,13.6,2.1,9.438,2987.1,603.5,94.2,0.4,0.6,1.1,0.616,0.4,0.0,0.0,0.0,0.000,0.000,0.000,0.0,0.0,0.271,0.000,12.7,15.0,6280,18170
6280,18170,20200419,0.0,7.6,12.5,2.7,9.030,3282.1,407.2,97.4,1.0,0.7,6.6,0.630,0.4,0.5,0.0,0.0,0.000,0.000,0.000,0.0,0.0,0.271,0.000,11.5,13.0,6280,18170
6280,18170,20200420,0.0,30.6,13.6,0.7,9.735,3343.2,351.9,97.5,0.9,0.7,29.7,0.687,0.4,2.3,0.0,0.0,0.000,0.000,0.000,0.0,0.0,0.274,0.000,12.4,14.9,6280,18170
6280,18170,20200421,0.0,39.3,12.5,1.1,9.011,3317.4,425.0,96.8,1.4,0.9,37.9,0.797,0.5,5.2,0.0,0.0,0.000,0.000,0.000,0.0,0.0,0.290,0.000,12.3,13.2,6280,18170
6280,18170,20200422,0.0,3.0,12.9,2.9,8.949,3254.6,510.7,93.6,1.4,0.9,1.6,0.854,0.5,1.6,0.0,0.0,0.000,0.000,0.000,0.0,0.0,0.309,0.000,10.7,14.6,6280,18170
6280,18170,20200423,0.0,0.6,15.0,2.5,9.491,3109.5,1649.3,87.0,2.8,2.7,-2.2,0.850,0.5,0.1,0.0,0.0,0.000,0.000,0.000,0.0,0.0,0.309,0.000,12.2,18.2,6280,18170
6280,18170,20200424,0.0,0.0,15.9,1.8,8.185,2821.4,2427.8,71.6,3.9,4.1,-3.9,0.836,0.5,0.0,0.0,0.0,0.000,0.000,0.000,0.0,0.0,0.308,0.000,11.7,20.8,6280,18170
6280,18170,20200425,0.0,0.2,15.8,1.7,7.038,2728.1,2487.2,63.6,4.4,4.8,-4.2,0.818,0.5,0.0,0.0,0.0,0.000,0.000,0.000,0.0,0.0,0.305,0.000,11.6,23.1,6280,18170
6280,18170,20200426,0.0,5.9,15.7,1.8,8.775,2986.1,1643.5,78.5,3.0,3.2,2.9,0.807,0.5,0.2,0.0,0.0,0.000,0.000,0.000,0.0,0.0,0.302,0.000,10.6,23.6,6280,18170
6280,18170,20200427,0.0,9.7,14.5,4.1,9.216,3006.1,801.7,87.8,1.7,1.8,8.0,0.820,0.5,0.9,0.0,0.0,0.000,0.000,0.000,0.0,0.0,0.303,0.000,13.1,18.6,6280,18170
6280,18170,20200428,0.0,0.6,13.7,4.0,7.218,2939.6,1602.2,72.6,3.4,3.6,-2.8,0.832,0.5,0.7,0.0,0.0,0.000,0.000,0.000,0.0,0.0,0.307,0.000,11.3,18.7,6280,18170
6280,18170,20200429,0.0,0.1,15.2,2.5,7.168,2663.7,2253.9,65.5,3.6,4.1,-3.5,0.817,0.5,0.0,0.0,0.0,0.000,0.000,0.000,0.0,0.0,0.305,0.000,11.2,20.3,6280,18170
6280,18170,20200430,0.0,0.5,14.5,2.2,7.335,2810.0,1198.5,69.9,2.2,2.4,-1.7,0.806,0.5,0.0,0.0,0.0,0.000,0.000,0.000,0.0,0.0,0.302,0.000,12.2,18.3,6280,18170
6280,18170,20200501,0.0,2.3,14.7,4.3,8.663,2954.9,879.0,80.3,1.7,1.5,0.6,0.799,0.5,0.0,0.0,0.0,0.000,0.000,0.000,0.0,0.0,0.300,0.000,9.3,18.1,6280,18170
6280,18170,20200502,0.0,2.4,16.7,6.2,9.843,3182.3,922.4,80.7,2.3,2.7,0.1,0.802,0.5,0.4,0.0,0.0,0.000,0.000,0.000,0.0,0.0,0.300,0.000,15.0,19.8,6280,18170
6280,18170,20200503,0.0,0.0,18.9,3.5,9.336,2877.0,2814.7,67.5,4.8,5.6,-4.8,0.785,0.5,0.0,0.0,0.0,0.000,0.000,0.000,0.0,0.0,0.300,0.000,15.6,22.8,6280,18170
6280,18170,20200504,0.0,0.0,18.9,3.4,9.652,2898.9,2573.9,69.8,4.5,5.1,-4.5,0.765,0.5,0.0,0.0,0.0,0.000,0.000,0.000,0.0,0.0,0.297,0.000,13.9,24.6,6280,18170
6280,18170,20200505,0.0,0.0,20.1,1.6,10.056,3125.3,1922.8,68.0,3.4,4.2,-3.4,0.749,0.5,0.0,0.0,0.0,0.000,0.000,0.000,0.0,0.0,0.294,0.000,15.6,25.5,6280,18170
6280,18170,20200506,0.0,0.0,21.1,2.9,7.335,2835.6,2842.4,47.3,5.7,7.0,-5.7,0.728,0.5,0.0,0.0,0.0,0.000,0.000,0.000,0.0,0.0,0.291,0.000,16.9,26.5,6280,18170
6280,18170,20200507,0.0,0.0,18.1,2.8,8.475,2753.3,2972.4,64.3,4.1,6.0,-4.1,0.709,0.5,0.0,0.0,0.0,0.000,0.000,0.000,0.0,0.0,0.287,0.000,16.2,23.1,6280,18170
6280,18170,20200508,0.0,0.0,17.3,4.1,8.849,2796.1,2840.0,70.8,3.7,5.2,-3.7,0.692,0.5,0.0,0.0,0.0,0.000,0.000,0.000,0.0,0.0,0.285,0.000,13.7,21.9,6280,18170
6280,18170,20200509,0.0,3.5,15.2,4.5,9.648,3037.2,1608.0,87.1,2.0,2.6,1.5,0.685,0.5,0.1,0.0,0.0,0.000,0.000,0.000,0.0,0.0,0.282,0.000,14.4,17.1,6280,18170
6280,18170,20200510,0.0,78.0,14.1,5.2,10.040,3355.9,543.9,97.3,1.9,0.8,76.1,0.806,0.6,6.9,0.0,0.0,0.000,0.000,0.000,0.0,0.0,0.282,0.000,12.8,15.2,6280,18170
6280,18170,20200511,0.0,21.2,12.5,4.9,8.553,3212.8,646.9,92.0,2.3,1.2,18.9,0.968,0.7,7.3,0.0,0.0,0.000,0.000,0.000,0.0,0.0,0.321,0.000,11.5,14.1,6280,18170
6280,18170,20200512,0.0,1.8,14.8,2.5,8.113,2918.8,1525.5,75.6,2.7,3.0,-0.9,0.970,0.9,0.0,0.0,0.0,0.000,0.000,0.000,0.0,0.0,0.329,0.000,11.9,19.4,6280,18170
6280,18170,20200513,0.0,9.3,15.2,2.0,9.929,3326.9,784.8,89.6,2.2,1.6,7.1,0.972,0.9,1.0,0.0,0.0,0.000,0.000,0.000,0.0,0.0,0.327,0.000,12.1,18.6,6280,18170
6280,18170,20200514,0.0,5.3,13.9,1.5,9.021,3107.8,1207.5,88.5,2.4,2.1,2.9,0.975,1.0,0.7,0.0,0.0,0.000,0.000,0.000,0.0,0.0,0.329,0.000,11.6,18.3,6280,18170
6280,18170,20200515,0.0,3.9,14.7,1.4,9.034,3169.1,1105.1,84.5,2.3,2.1,1.6,0.975,1.0,0.7,0.0,0.0,0.000,0.000,0.000,0.0,0.0,0.329,0.000,10.5,19.1,6280,18170
6280,18170,20200516,0.0,0.8,15.1,3.3,8.464,2949.9,934.4,77.8,2.0,1.9,-1.2,0.965,1.1,0.2,0.0,0.0,0.000,0.000,0.000,0.0,0.0,0.328,0.000,12.3,17.9,6280,18170
6280,18170,20200517,0.0,0.0,16.7,4.9,6.957,2639.2,3126.5,58.0,5.9,6.2,-5.9,0.939,1.1,0.0,0.0,0.0,0.000,0.000,0.000,0.0,0.0,0.326,0.000,13.8,20.1,6280,18170
6280,18170,20200518,0.0,0.0,18.8,3.7,7.403,2695.3,3067.4,53.9,6.0,6.4,-6.0,0.908,1.0,0.0,0.0,0.0,0.000,0.000,0.000,0.0,0.0,0.321,0.000,14.1,23.5,6280,18170
6280,18170,20200519,0.0,0.0,20.0,4.2,7.952,2787.8,3151.1,53.1,6.2,7.1,-6.2,0.877,1.0,0.0,0.0,0.0,0.000,0.000,0.000,0.0,0.0,0.316,0.000,16.4,24.0,6280,18170
6280,18170,20200520,0.0,0.0,22.6,2.7,7.423,2822.5,3160.9,42.7,6.8,7.6,-6.8,0.845,0.9,0.0,0.0,0.0,0.000,0.000,0.000,0.0,0.0,0.311,0.000,17.0,27.6,6280,18170
6280,18170,20200521,0.0,0.0,23.8,2.4,9.930,2942.2,2908.1,52.9,5.7,6.8,-5.7,0.816,0.8,0.0,0.0,0.0,0.000,0.000,0.000,0.0,0.0,0.306,0.000,19.7,28.4,6280,18170
6280,18170,20200522,0.0,0.0,23.1,1.6,11.663,3076.9,3029.4,65.3,5.3,6.4,-5.3,0.791,0.8,0.0,0.0,0.0,0.000,0.000,0.000,0.0,0.0,0.301,0.000,18.9,28.3,6280,18170
6280,18170,20200523,0.0,0.0,17.8,4.4,9.847,3045.2,1768.3,74.9,3.1,4.1,-3.1,0.773,0.7,0.0,0.0,0.0,0.000,0.000,0.000,0.0,0.0,0.297,0.000,17.5,21.1,6280,18170
6280,18170,20200524,0.0,0.0,18.0,3.3,6.278,2621.9,3224.0,49.6,5.3,6.8,-5.3,0.751,0.7,0.0,0.0,0.0,0.000,0.000,0.000,0.0,0.0,0.295,0.000,12.6,23.7,6280,18170
6280,18170,20200525,0.0,0.0,19.7,1.5,7.355,2758.6,3150.9,50.9,4.9,6.2,-4.9,0.729,0.7,0.0,0.0,0.0,0.000,0.000,0.000,0.0,0.0,0.291,0.000,13.8,24.4,6280,18170
6280,18170,20200526,0.0,0.0,22.5,3.5,7.974,2809.1,3244.1,46.5,5.5,7.9,-5.5,0.705,0.6,0.0,0.0,0.0,0.000,0.000,0.000,0.0,0.0,0.287,0.000,17.4,28.1,6280,18170
6280,18170,20200527,0.0,0.0,20.2,2.3,9.225,2848.2,3131.5,61.9,4.4,6.6,-4.4,0.685,0.6,0.0,0.0,0.0,0.000,0.000,0.000,0.0,0.0,0.284,0.000,18.4,25.0,6280,18170
6280,18170,20200528,0.0,0.0,20.1,1.5,9.533,2855.2,3168.4,64.8,4.3,5.8,-4.3,0.666,0.6,0.0,0.0,0.0,0.000,0.000,0.000,0.0,0.0,0.281,0.000,13.5,25.8,6280,18170
6280,18170,20200529,0.0,0.0,20.1,2.9,9.233,2869.8,2141.9,62.4,3.2,4.8,-3.2,0.651,0.6,0.0,0.0,0.0,0.000,0.000,0.000,0.0,0.0,0.278,0.000,16.3,24.8,6280,18170
6280,18170,20200530,0.0,0.0,17.7,2.2,10.034,2948.6,2664.9,77.6,2.7,4.7,-2.7,0.639,0.6,0.0,0.0,0.0,0.000,0.000,0.000,0.0,0.0,0.275,0.000,15.9,20.9,6280,18170
6280,18170,20200531,0.0,0.0,17.3,3.4,10.752,3103.4,2039.1,84.9,1.8,3.1,-1.8,0.629,0.5,0.0,0.0,0.0,0.000,0.000,0.000,0.0,0.0,0.274,0.000,14.0,19.1,6280,18170
6280,18170,20200601,0.0,0.0,17.8,3.5,10.707,2993.9,2419.7,82.3,2.4,4.1,-2.4,0.619,0.5,0.0,0.0,0.0,0.000,0.000,0.000,0.0,0.0,0.272,0.000,16.1,20.5,6280,18170
6280,18170,20200602,0.0,1.0,19.1,1.5,11.474,3155.1,1939.1,81.2,2.8,3.5,-1.8,0.611,0.5,0.0,0.0,0.0,0.000,0.000,0.000,0.0,0.0,0.270,0.000,15.7,22.6,6280,18170
6280,18170,20200603,0.0,4.3,18.6,1.7,10.506,3131.1,1813.0,77.1,2.7,3.7,1.6,0.603,0.5,0.1,0.0,0.0,0.000,0.000,0.000,0.0,0.0,0.269,0.000,15.5,24.5,6280,18170
6280,18170,20200604,0.0,2.3,15.9,3.7,8.854,3085.6,1474.4,76.6,2.9,3.3,-0.6,0.608,0.5,0.2,0.0,0.0,0.000,0.000,0.000,0.0,0.0,0.270,0.000,15.4,18.0,6280,18170
6280,18170,20200605,0.0,0.1,14.9,5.3,8.039,2895.6,1747.9,74.2,2.3,3.3,-2.2,0.602,0.5,0.0,0.0,0.0,0.000,0.000,0.000,0.0,0.0,0.269,0.000,12.5,17.1,6280,18170
6280,18170,20200606,0.0,8.9,18.6,3.8,9.336,2940.1,2213.0,68.9,3.6,4.8,5.3,0.594,0.5,0.1,0.0,0.0,0.000,0.000,0.000,0.0,0.0,0.268,0.000,14.6,23.5,6280,18170
6280,18170,20200607,0.0,0.0,15.4,3.6,7.768,2904.0,1940.9,70.0,3.4,3.8,-3.4,0.606,0.5,0.4,0.0,0.0,0.000,0.000,0.000,0.0,0.0,0.270,0.000,14.4,17.0,6280,18170
6280,18170,20200608,0.0,0.0,15.6,4.9,6.946,2728.1,1958.4,61.7,3.2,4.4,-3.2,0.593,0.5,0.0,0.0,0.0,0.000,0.000,0.000,0.0,0.0,0.268,0.000,12.8,19.2,6280,18170
6280,18170,20200609,0.0,0.8,15.1,4.6,7.432,2716.6,2319.7,67.9,3.1,4.3,-2.3,0.581,0.5,0.0,0.0,0.0,0.000,0.000,0.000,0.0,0.0,0.266,0.000,12.6,17.8,6280,18170
6280,18170,20200610,0.0,0.0,16.9,4.5,6.926,2754.8,2467.4,57.5,3.5,5.4,-3.5,0.570,0.5,0.0,0.0,0.0,0.000,0.000,0.000,0.0,0.0,0.264,0.000,13.3,20.3,6280,18170
6280,18170,20200611,0.0,7.6,15.8,2.9,8.535,2832.7,1443.4,74.9,2.0,2.9,5.6,0.566,0.5,0.1,0.0,0.0,0.000,0.000,0.000,0.0,0.0,0.262,0.000,13.4,20.0,6280,18170
6280,18170,20200612,0.0,0.6,16.7,3.1,10.817,3189.7,1941.1,88.2,2.8,2.9,-2.2,0.578,0.5,0.3,0.0,0.0,0.000,0.000,0.000,0.0,0.0,0.265,0.000,11.4,20.6,6280,18170
6280,18170,20200613,0.0,1.0,17.8,3.1,9.153,3009.0,1784.1,70.3,3.3,4.0,-2.3,0.568,0.5,0.0,0.0,0.0,0.000,0.000,0.000,0.0,0.0,0.264,0.000,15.1,22.3,6280,18170
6280,18170,20200614,0.0,0.0,19.4,3.4,7.749,2823.2,2371.6,54.3,4.0,5.3,-4.0,0.555,0.5,0.0,0.0,0.0,0.000,0.000,0.000,0.0,0.0,0.262,0.000,13.8,23.7,6280,18170
6280,18170,20200615,0.0,0.0,19.5,3.9,8.390,2862.8,2472.9,58.6,3.6,5.8,-3.6,0.541,0.5,0.0,0.0,0.0,0.000,0.000,0.000,0.0,0.0,0.260,0.000,15.8,23.6,6280,18170
6280,18170,20200616,0.0,0.0,18.6,3.9,8.588,2820.5,1772.7,63.2,2.4,4.3,-2.4,0.530,0.5,0.0,0.0,0.0,0.000,0.000,0.000,0.0,0.0,0.258,0.000,16.0,22.5,6280,18170
6280,18170,20200617,0.0,0.0,18.2,3.6,7.546,2776.8,2703.2,57.6,3.2,5.9,-3.2,0.519,0.5,0.0,0.0,0.0,0.000,0.000,0.000,0.0,0.0,0.256,0.000,15.3,22.1,6280,18170
6280,18170,20200618,0.0,0.0,18.2,2.2,7.807,2828.1,2033.7,59.4,2.4,4.3,-2.4,0.508,0.4,0.0,0.0,0.0,0.000,0.000,0.000,0.0,0.0,0.254,0.000,14.2,22.8,6280,18170
6280,18170,20200619,0.0,0.0,20.1,3.0,7.517,2806.5,2889.0,51.4,3.3,6.4,-3.3,0.497,0.4,0.0,0.0,0.0,0.000,0.000,0.000,0.0,0.0,0.253,0.000,13.5,25.6,6280,18170
6280,18170,20200620,0.0,0.0,21.7,2.8,8.252,2864.4,3085.4,50.5,3.1,7.0,-3.1,0.484,0.4,0.0,0.0,0.0,0.000,0.000,0.000,0.0,0.0,0.251,0.000,15.5,27.4,6280,18170
6280,18170,20200621,0.0,0.0,22.3,4.6,8.873,2915.5,3317.6,52.5,2.8,8.1,-2.8,0.473,0.4,0.0,0.0,0.0,0.000,0.000,0.000,0.0,0.0,0.249,0.000,17.5,27.0,6280,18170
6280,18170,20200622,0.0,0.0,22.8,4.1,9.423,2939.0,3283.8,53.5,2.5,7.9,-2.5,0.463,0.4,0.0,0.0,0.0,0.000,0.000,0.000,0.0,0.0,0.247,0.000,19.2,26.5,6280,18170
6280,18170,20200623,0.0,0.0,23.4,2.0,10.076,3048.1,3240.4,55.6,2.5,7.6,-2.5,0.454,0.4,0.0,0.0,0.0,0.000,0.000,0.000,0.0,0.0,0.245,0.000,19.1,29.8,6280,18170
6280,18170,20200624,0.0,0.0,21.9,3.2,10.912,3093.6,3243.2,65.2,2.0,7.1,-2.0,0.445,0.4,0.0,0.0,0.0,0.000,0.000,0.000,0.0,0.0,0.244,0.000,17.6,27.6,6280,18170
6280,18170,20200625,0.0,0.0,23.7,2.6,11.631,3181.9,3050.5,62.5,2.1,7.1,-2.1,0.437,0.4,0.0,0.0,0.0,0.000,0.000,0.000,0.0,0.0,0.243,0.000,18.9,29.2,6280,18170
6280,18170,20200626,0.0,1.0,22.6,3.3,11.900,3196.3,2087.2,67.4,2.2,5.1,-1.2,0.432,0.4,0.0,0.0,0.0,0.000,0.000,0.000,0.0,0.0,0.241,0.000,19.4,27.1,6280,18170
6280,18170,20200627,0.0,0.0,23.1,2.8,12.384,3148.8,2239.1,68.8,1.6,5.4,-1.6,0.425,0.4,0.0,0.0,0.0,0.000,0.000,0.000,0.0,0.0,0.240,0.000,20.0,28.5,6280,18170
6280,18170,20200628,0.0,0.3,25.2,1.6,12.922,3234.4,2170.2,63.9,2.0,4.8,-1.7,0.418,0.4,0.0,0.0,0.0,0.000,0.000,0.000,0.0,0.0,0.239,0.000,18.4,30.6,6280,18170
6280,18170,20200629,0.0,0.0,22.6,4.7,10.953,3217.4,1874.4,62.7,1.7,5.9,-1.7,0.412,0.4,0.0,0.0,0.0,0.000,0.000,0.000,0.0,0.0,0.238,0.000,21.2,26.5,6280,18170
6280,18170,20200630,0.0,1.4,24.5,3.1,10.531,3155.3,2770.4,54.5,2.5,7.1,-1.1,0.405,0.4,0.0,0.0,0.0,0.000,0.000,0.000,0.0,0.0,0.237,0.000,18.1,29.9,6280,18170
6280,18250,20200101,0.0,0.0,2.3,1.7,4.056,2790.6,667.0,85.0,0.6,1.2,-0.6,0.981,3.3,0.0,0.0,0.0,0.000,0.000,0.000,0.0,0.0,0.307,0.000,0.6,6.4,6280,18250
6280,18250,20200102,0.0,0.0,2.8,2.4,4.589,3089.1,353.7,91.5,0.4,0.7,-0.4,0.967,2.8,0.0,0.0,0.0,0.000,0.000,0.000,0.0,0.0,0.305,0.001,-2.7,6.8,6280,18250
6280,18250,20200103,0.0,0.1,5.3,3.7,5.209,2568.0,808.6,87.2,0.5,0.7,-0.4,0.955,2.7,0.0,0.0,0.0,0.000,0.000,0.000,0.0,0.0,0.304,0.000,0.6,8.5,6280,18250
6280,18250,20200104,0.0,0.1,6.3,5.4,5.710,2765.3,469.9,90.0,0.7,0.8,-0.6,0.944,2.4,0.0,0.0,0.0,0.000,0.000,0.000,0.0,0.0,0.302,0.000,6.2,7.6,6280,18250
6280,18250,20200105,0.0,0.0,2.3,3.1,3.761,2430.8,892.8,77.7,0.8,1.3,-0.8,0.932,2.2,0.0,0.0,0.0,0.000,0.000,0.000,0.0,0.0,0.300,0.000,0.1,7.7,6280,18250
6280,18250,20200106,0.0,0.0,4.0,2.3,4.741,2854.9,476.0,86.8,0.5,0.7,-0.5,0.922,2.1,0.0,0.0,0.0,0.000,0.000,0.000,0.0,0.0,0.298,0.000,-2.3,8.6,6280,18250
6280,18250,20200107,0.0,0.0,4.4,4.6,4.958,2926.5,464.8,88.5,0.4,0.8,-0.4,0.912,1.9,0.0,0.0,0.0,0.000,0.000,0.000,0.0,0.0,0.297,0.000,0.8,7.0,6280,18250
6280,18250,20200108,0.0,0.0,6.7,1.4,5.984,2834.8,405.1,91.1,0.3,0.7,-0.3,0.904,1.8,0.0,0.0,0.0,0.000,0.000,0.000,0.0,0.0,0.296,0.000,5.3,10.9,6280,18250
6280,18250,20200109,0.0,1.0,5.9,3.2,4.899,2583.9,688.9,79.2,0.9,1.0,0.1,0.895,1.7,0.0,0.0,0.0,0.000,0.000,0.000,0.0,0.0,0.295,0.000,1.3,9.9,6280,18250
6280,18250,20200110,0.0,1.6,5.9,4.0,5.703,2853.7,471.0,92.3,1.0,0.7,0.6,0.893,1.5,0.2,0.0,0.0,0.000,0.000,0.000,0.0,0.0,0.294,0.000,5.5,6.8,6280,18250
6280,18250,20200111,0.0,0.0,1.8,3.0,3.861,2405.6,849.2,82.9,0.7,1.1,-0.7,0.886,1.5,0.0,0.0,0.0,0.000,0.000,0.000,0.0,0.0,0.293,0.000,0.4,6.1,6280,18250
6280,18250,20200112,0.0,0.0,-0.4,2.0,3.056,2190.8,923.1,77.1,0.5,0.9,-0.5,0.878,1.4,0.0,0.0,0.0,0.000,0.000,0.000,0.0,0.0,0.289,0.003,-5.8,6.3,6280,18250
6280,18250,20200113,0.0,0.0,1.3,2.5,3.299,2373.6,928.3,74.2,0.7,1.3,-0.7,0.871,1.3,0.0,0.0,0.0,0.000,0.000,0.000,0.0,0.0,0.288,0.003,-4.3,8.4,6280,18250
6280,18250,20200114,0.0,0.1,6.2,5.7,5.237,2732.9,795.0,83.3,1.0,0.9,-0.9,0.863,1.3,0.0,0.0,0.0,0.000,0.000,0.000,0.0,0.0,0.290,0.000,0.3,9.1,6280,18250
6280,18250,20200115,0.0,0.1,7.8,4.8,5.996,2792.3,716.3,85.4,0.8,1.3,-0.7,0.855,1.2,0.0,0.0,0.0,0.000,0.000,0.000,0.0,0.0,0.289,0.000,7.5,9.1,6280,18250
6280,18250,20200116,0.0,0.6,7.5,3.7,6.134,2868.7,708.8,89.4,0.8,1.0,-0.2,0.848,1.1,0.0,0.0,0.0,0.000,0.000,0.000,0.0,0.0,0.288,0.000,5.8,8.7,6280,18250
6280,18250,20200117,0.0,9.7,6.9,4.0,5.996,3042.5,139.4,90.4,1.5,0.6,8.2,0.863,1.1,0.9,0.0,0.0,0.000,0.000,0.000,0.0,0.0,0.287,0.000,4.8,9.2,6280,18250
6280,18250,20200118,0.0,0.0,3.3,2.0,4.032,2318.3,757.9,78.0,0.7,0.9,-0.7,0.867,1.1,0.0,0.0,0.0,0.000,0.000,0.000,0.0,0.0,0.290,0.000,1.5,8.2,6280,18250
6280,18250,20200119,0.0,0.0,0.6,2.5,2.728,1923.9,967.1,64.9,0.6,1.3,-0.6,0.861,1.0,0.0,0.0,0.0,0.000,0.000,0.000,0.0,0.0,0.288,0.002,-0.8,5.1,6280,18250
6280,18250,20200120,0.2,4.3,0.7,1.5,3.023,2209.6,327.2,70.7,0.1,0.6,4.4,0.858,1.0,0.0,0.0,0.0,0.000,0.000,0.000,0.0,0.2,0.284,0.004,-5.1,4.9,6280,18250
6280,18250,20200121,0.0,24.4,4.3,4.9,4.365,2699.2,225.2,79.7,0.8,0.8,23.6,0.919,1.0,2.6,0.0,0.0,0.000,0.000,0.000,0.0,0.0,0.288,0.002,1.3,6.5,6280,18250
6280,18250,20200122,0.0,26.7,7.1,6.3,5.892,3004.8,160.8,87.9,1.8,0.7,24.9,1.002,1.1,4.9,0.0,0.0,0.000,0.000,0.000,0.0,0.0,0.301,0.000,5.2,8.2,6280,18250
6280,18250,20200123,0.0,60.7,8.3,6.4,6.490,3110.4,237.0,89.6,2.1,0.9,58.6,1.143,1.8,11.5,0.0,0.0,0.000,0.000,0.000,0.0,0.0,0.312,0.000,7.7,8.9,6280,18250
6280,18250,20200124,0.0,2.5,7.4,2.9,6.314,3021.6,463.3,92.3,0.9,0.8,1.6,1.180,6.1,0.2,0.0,0.0,0.000,0.000,0.000,0.0,0.0,0.337,0.000,6.7,8.0,6280,18250
6280,18250,20200125,0.0,29.3,7.2,2.5,6.238,3030.9,368.4,92.7,1.0,0.8,28.3,1.178,8.5,2.9,0.0,0.0,0.000,0.000,0.000,0.0,0.0,0.334,0.000,6.4,8.8,6280,18250
6280,18250,20200126,0.0,0.7,5.1,1.7,5.639,2851.9,182.0,96.1,0.4,0.2,0.3,1.206,10.0,2.5,0.0,0.0,0.000,0.000,0.000,0.0,0.0,0.342,0.000,3.9,7.3,6280,18250
6280,18250,20200127,0.0,0.8,3.1,1.0,4.835,2602.3,454.7,93.8,0.2,0.2,0.6,1.164,10.7,0.0,0.0,0.0,0.000,0.000,0.000,0.0,0.0,0.336,0.000,-1.7,7.5,6280,18250
6280,18250,20200128,0.0,3.8,6.5,5.5,5.647,2827.6,585.9,88.2,1.9,0.4,1.9,1.135,9.5,0.5,0.0,0.0,0.000,0.000,0.000,0.0,0.0,0.330,0.000,1.1,7.9,6280,18250
6280,18250,20200129,0.0,0.6,5.2,3.4,5.153,2644.7,844.7,87.5,0.7,1.1,-0.1,1.102,7.8,0.0,0.0,0.0,0.000,0.000,0.000,0.0,0.0,0.326,0.000,4.2,7.5,6280,18250
6280,18250,20200130,0.0,1.1,7.2,1.1,6.392,2911.8,167.5,93.5,0.0,0.1,1.1,1.076,6.6,0.0,0.0,0.0,0.000,0.000,0.000,0.0,0.0,0.322,0.000,1.3,10.3,6280,18250
6280,18250,20200131,0.0,0.1,8.9,2.1,6.901,3006.6,367.3,91.4,0.6,0.7,-0.5,1.057,5.5,0.2,0.0,0.0,0.000,0.000,0.000,0.0,0.0,0.319,0.000,7.5,11.3,6280,18250
6280,18250,20200201,0.0,3.3,7.6,2.6,6.597,3010.6,551.5,93.3,1.3,0.6,2.0,1.040,4.8,0.2,0.0,0.0,0.000,0.000,0.000,0.0,0.0,0.316,0.000,0.7,11.2,6280,18250
6280,18250,20200202,0.0,0.0,10.6,2.6,7.105,2951.1,661.0,83.1,1.1,1.5,-1.1,1.024,4.2,0.1,0.0,0.0,0.000,0.000,0.000,0.0,0.0,0.314,0.000,7.3,17.0,6280,18250
6280,18250,20200203,0.0,0.9,10.6,2.9,5.948,2598.1,1131.1,69.7,1.9,2.0,-1.0,1.004,3.8,0.0,0.0,0.0,0.000,0.000,0.000,0.0,0.0,0.311,0.000,4.3,17.2,6280,18250
6280,18250,20200204,0.0,0.6,7.2,6.3,5.111,2529.5,1122.5,74.9,2.0,1.9,-1.4,0.987,3.5,0.1,0.0,0.0,0.000,0.000,0.000,0.0,0.0,0.309,0.000,5.6,9.4,6280,18250
6280,18250,20200205,0.0,0.0,3.7,3.7,3.702,2229.0,1245.2,70.0,1.1,1.8,-1.1,0.970,3.1,0.0,0.0,0.0,0.000,0.000,0.000,0.0,0.0,0.306,0.000,2.0,7.9,6280,18250
6280,18250,20200206,0.0,0.0,2.8,3.6,3.792,2356.2,1241.6,73.0,0.9,1.1,-0.9,0.956,2.7,0.0,0.0,0.0,0.000,0.000,0.000,0.0,0.0,0.302,0.002,-5.1,7.5,6280,18250
6280,18250,20200207,0.0,0.0,7.3,3.4,5.523,2668.6,1106.5,81.7,0.9,1.5,-0.9,0.942,2.5,0.0,0.0,0.0,0.000,0.000,0.000,0.0,0.0,0.302,0.000,6.2,8.6,6280,18250
6280,18250,20200208,0.0,2.1,7.8,2.8,5.987,2798.6,970.3,85.8,0.9,1.4,1.2,0.931,2.2,0.0,0.0,0.0,0.000,0.000,0.000,0.0,0.0,0.300,0.000,7.2,8.9,6280,18250
6280,18250,20200209,0.0,1.9,7.7,2.1,6.371,2970.5,652.5,91.5,1.1,1.2,0.8,0.929,2.1,0.3,0.0,0.0,0.000,0.000,0.000,0.0,0.0,0.299,0.000,7.2,10.7,6280,18250
6280,18250,20200210,0.0,1.4,10.2,5.2,7.224,2896.3,746.4,87.3,1.7,0.7,-0.3,0.923,1.9,0.1,0.0,0.0,0.000,0.000,0.000,0.0,0.0,0.298,0.000,6.2,11.1,6280,18250
6280,18250,20200211,0.0,1.6,8.5,6.5,6.096,2753.6,1009.5,82.7,1.7,1.8,-0.1,0.912,1.8,0.1,0.0,0.0,0.000,0.000,0.000,0.0,0.0,0.297,0.000,8.2,10.0,6280,18250
6280,18250,20200212,0.0,0.0,4.4,1.9,4.283,2436.8,1261.6,77.4,1.3,1.7,-1.3,0.903,1.7,0.0,0.0,0.0,0.000,0.000,0.000,0.0,0.0,0.296,0.000,3.5,9.1,6280,18250
6280,18250,20200213,0.0,0.1,6.2,2.3,4.897,2511.8,819.7,75.1,0.9,0.9,-0.8,0.894,1.6,0.0,0.0,0.0,0.000,0.000,0.000,0.0,0.0,0.294,0.001,-3.0,13.4,6280,18250
6280,18250,20200214,0.0,0.0,6.7,4.1,4.756,2437.6,1339.4,72.6,1.5,2.4,-1.5,0.883,1.5,0.0,0.0,0.0,0.000,0.000,0.000,0.0,0.0,0.293,0.000,6.3,11.0,6280,18250
6280,18250,20200215,0.0,0.5,5.1,2.5,4.399,2586.6,1352.3,74.6,1.5,1.8,-1.0,0.871,1.5,0.0,0.0,0.0,0.000,0.000,0.000,0.0,0.0,0.291,0.000,-2.9,12.5,6280,18250
6280,18250,20200216,0.0,2.5,8.7,5.3,6.940,3171.8,600.9,92.8,1.0,0.7,1.5,0.865,1.3,0.0,0.0,0.0,0.000,0.000,0.000,0.0,0.0,0.290,0.000,5.3,9.7,6280,18250
6280,18250,20200217,0.0,1.4,8.8,3.8,6.712,2999.4,638.6,88.6,1.8,1.2,-0.4,0.864,1.3,0.2,0.0,0.0,0.000,0.000,0.000,0.0,0.0,0.290,0.000,6.4,12.6,6280,18250
6280,18250,20200218,0.0,0.1,5.8,4.2,4.756,2327.9,1387.7,78.1,1.2,1.7,-1.1,0.856,1.2,0.0,0.0,0.0,0.000,0.000,0.000,0.0,0.0,0.289,0.000,4.2,8.3,6280,18250
6280,18250,20200219,0.0,1.2,5.3,4.0,5.185,2751.8,803.0,88.0,1.6,1.0,-0.4,0.850,1.2,0.0,0.0,0.0,0.000,0.000,0.000,0.0,0.0,0.288,0.000,4.3,6.2,6280,18250
6280,18250,20200220,0.0,0.1,6.2,1.2,4.307,2379.1,1484.4,69.6,1.3,1.8,-1.2,0.842,1.1,0.0,0.0,0.0,0.000,0.000,0.000,0.0,0.0,0.287,0.000,-2.0,15.1,6280,18250
6280,18250,20200221,0.0,0.1,6.5,4.3,5.524,2616.5,1087.3,85.4,1.0,1.7,-0.9,0.835,1.0,0.0,0.0,0.0,0.000,0.000,0.000,0.0,0.0,0.286,0.000,5.8,10.2,6280,18250
6280,18250,20200222,0.0,0.0,6.1,2.0,3.812,2382.3,1584.4,61.4,1.7,2.4,-1.7,0.825,1.0,0.0,0.0,0.0,0.000,0.000,0.000,0.0,0.0,0.284,0.000,-2.0,16.2,6280,18250
6280,18250,20200223,0.0,0.0,9.4,3.1,4.716,2487.2,1601.4,60.0,2.3,3.2,-2.3,0.814,0.9,0.0,0.0,0.0,0.000,0.000,0.000,0.0,0.0,0.283,0.000,3.0,18.7,6280,18250
6280,18250,20200224,0.0,0.0,9.6,2.6,4.770,2461.9,1623.3,60.6,2.0,3.1,-2.0,0.802,0.9,0.0,0.0,0.0,0.000,0.000,0.000,0.0,0.0,0.281,0.000,4.4,18.3,6280,18250
6280,18250,20200225,0.0,10.3,6.4,5.5,5.569,2906.7,751.7,87.0,2.9,1.2,7.4,0.804,0.9,0.4,0.0,0.0,0.000,0.000,0.000,0.0,0.0,0.280,0.000,4.4,8.7,6280,18250
6280,18250,20200226,0.0,14.3,3.5,5.4,4.358,2431.9,1200.4,83.6,1.0,1.2,13.3,0.823,0.8,0.3,0.0,0.0,0.000,0.000,0.000,0.0,0.0,0.283,0.000,3.3,3.8,6280,18250
6280,18250,20200227,0.0,18.6,5.9,5.5,5.574,2951.9,390.0,90.1,2.0,0.7,16.6,0.905,0.8,3.8,0.0,0.0,0.000,0.000,0.000,0.0,0.0,0.289,0.000,2.8,8.4,6280,18250
6280,18250,20200228,0.0,1.4,7.4,2.4,6.094,2922.9,787.8,89.2,1.6,1.1,-0.2,0.913,0.8,0.0,0.0,0.0,0.000,0.000,0.000,0.0,0.0,0.297,0.000,4.4,10.0,6280,18250
6280,18250,20200229,0.0,0.8,9.2,4.0,6.598,2847.0,793.7,85.5,1.1,1.6,-0.3,0.907,0.9,0.0,0.0,0.0,0.000,0.000,0.000,0.0,0.0,0.296,0.000,7.9,13.1,6280,18250
6280,18250,20200301,0.0,2.1,7.8,2.0,5.363,2645.4,1010.5,77.2,1.3,1.6,0.8,0.904,1.0,0.2,0.0,0.0,0.000,0.000,0.000,0.0,0.0,0.295,0.000,5.2,12.3,6280,18250
6280,18250,20200302,0.3,15.1,5.3,5.0,5.153,2918.6,396.5,87.1,3.3,1.0,12.1,0.917,1.1,0.9,0.0,0.0,0.000,0.000,0.000,0.0,0.3,0.295,0.000,4.1,7.5,6280,18250
6280,18250,20200303,0.0,8.3,2.9,2.8,4.388,2812.7,420.8,88.3,1.3,0.8,7.0,0.947,1.2,1.7,0.0,0.0,0.000,0.000,0.000,0.0,0.0,0.300,0.000,1.3,5.0,6280,18250
6280,18250,20200304,0.0,5.0,6.6,2.9,5.962,2932.4,475.6,90.6,0.7,0.6,4.3,0.960,1.3,0.6,0.0,0.0,0.000,0.000,0.000,0.0,0.0,0.303,0.000,1.5,9.6,6280,18250
6280,18250,20200305,0.1,9.2,8.6,3.8,6.636,2782.7,667.7,88.7,1.1,1.1,8.2,0.981,1.6,1.0,0.0,0.0,0.000,0.000,0.000,0.0,0.1,0.304,0.000,6.9,13.0,6280,18250
6280,18250,20200306,0.2,9.1,3.4,6.0,4.533,2822.2,678.5,88.1,2.7,1.0,6.6,1.001,1.9,1.3,0.0,0.0,0.000,0.000,0.000,0.0,0.2,0.307,0.000,2.7,4.3,6280,18250
6280,18250,20200307,0.0,0.6,4.2,5.0,4.416,2578.9,1346.4,80.9,1.6,1.5,-1.0,0.995,2.2,0.1,0.0,0.0,0.000,0.000,0.000,0.0,0.0,0.309,0.000,2.4,5.3,6280,18250
6280,18250,20200308,0.0,4.5,7.1,3.1,5.015,2447.4,1670.7,75.4,1.9,2.0,2.6,0.982,2.3,0.0,0.0,0.0,0.000,0.000,0.000,0.0,0.0,0.308,0.000,0.8,12.5,6280,18250
6280,18250,20200309,0.0,4.3,5.8,4.7,5.084,2709.6,1229.5,83.2,1.5,1.6,2.8,0.981,2.5,0.5,0.0,0.0,0.000,0.000,0.000,0.0,0.0,0.307,0.000,4.6,7.0,6280,18250
6280,18250,20200310,0.0,0.0,7.2,4.6,5.856,2912.6,758.6,86.5,1.0,1.1,-1.0,0.980,2.5,0.5,0.0,0.0,0.000,0.000,0.000,0.0,0.0,0.307,0.000,4.9,8.6,6280,18250
6280,18250,20200311,0.0,0.0,9.9,3.4,6.703,2816.4,1736.6,82.0,1.9,2.7,-1.9,0.964,2.4,0.0,0.0,0.0,0.000,0.000,0.000,0.0,0.0,0.305,0.000,6.3,15.9,6280,18250
6280,18250,20200312,0.0,1.7,10.0,3.2,6.499,2638.9,1160.3,78.1,2.0,1.8,-0.3,0.950,2.4,0.0,0.0,0.0,0.000,0.000,0.000,0.0,0.0,0.303,0.000,2.9,18.3,6280,18250
6280,18250,20200313,0.0,0.0,8.8,4.8,5.182,2473.1,1853.8,69.6,2.4,3.0,-2.4,0.936,2.2,0.1,0.0,0.0,0.000,0.000,0.000,0.0,0.0,0.301,0.000,6.6,12.9,6280,18250
6280,18250,20200314,0.0,0.0,6.5,4.0,4.346,2275.0,2014.9,68.2,2.2,3.0,-2.2,0.920,2.0,0.0,0.0,0.0,0.000,0.000,0.000,0.0,0.0,0.299,0.000,4.3,11.5,6280,18250
6280,18250,20200315,0.0,14.8,5.1,3.8,5.007,2595.3,1650.7,83.2,1.8,1.5,13.0,0.915,1.9,0.4,0.0,0.0,0.000,0.000,0.000,0.0,0.0,0.296,0.000,-0.9,8.4,6280,18250
6280,18250,20200316,0.0,6.6,7.6,5.1,6.219,2981.2,422.9,89.9,2.0,0.7,4.6,0.958,1.8,2.0,0.0,0.0,0.000,0.000,0.000,0.0,0.0,0.302,0.000,6.5,8.2,6280,18250
6280,18250,20200317,0.0,0.0,7.9,1.6,5.211,2736.3,1174.0,74.4,1.4,2.0,-1.4,0.951,1.7,0.0,0.0,0.0,0.000,0.000,0.000,0.0,0.0,0.303,0.000,6.6,11.5,6280,18250
6280,18250,20200318,0.0,0.0,8.9,1.2,5.288,2493.7,1866.0,70.3,2.3,2.6,-2.3,0.936,1.8,0.0,0.0,0.0,0.000,0.000,0.000,0.0,0.0,0.301,0.000,0.2,18.9,6280,18250
6280,18250,20200319,0.0,0.0,8.2,2.3,4.298,2305.8,1986.8,61.0,2.5,3.0,-2.5,0.920,1.8,0.0,0.0,0.0,0.000,0.000,0.000,0.0,0.0,0.299,0.000,2.3,16.2,6280,18250
6280,18250,20200320,0.0,0.0,7.3,1.9,4.475,2236.2,2162.4,66.5,2.1,2.8,-2.1,0.905,1.7,0.0,0.0,0.0,0.000,0.000,0.000,0.0,0.0,0.296,0.000,1.6,14.3,6280,18250
6280,18250,20200321,0.0,0.0,8.5,2.8,5.578,2629.7,1943.5,76.7,2.0,2.5,-2.0,0.890,1.7,0.0,0.0,0.0,0.000,0.000,0.000,0.0,0.0,0.294,0.000,3.5,12.8,6280,18250
6280,18250,20200322,0.0,0.0,7.9,2.2,5.089,2380.3,1817.4,73.3,1.7,2.1,-1.7,0.877,1.5,0.0,0.0,0.0,0.000,0.000,0.000,0.0,0.0,0.292,0.000,1.7,13.0,6280,18250
6280,18250,20200323,0.0,0.0,8.4,1.9,5.947,2638.8,1363.9,81.5,1.1,1.7,-1.1,0.866,1.4,0.0,0.0,0.0,0.000,0.000,0.000,0.0,0.0,0.291,0.000,5.9,10.6,6280,18250
6280,18250,20200324,0.0,2.0,5.5,2.3,5.332,2804.8,1172.4,88.9,1.6,1.4,0.4,0.861,1.4,0.1,0.0,0.0,0.000,0.000,0.000,0.0,0.0,0.289,0.000,4.5,6.4,6280,18250
6280,18250,20200325,7.9,2.8,4.1,1.8,4.135,2494.7,1959.8,77.1,1.9,2.2,8.8,0.854,1.3,0.0,0.4,0.0,0.003,0.000,0.000,0.0,3.1,0.289,0.000,-0.6,8.1,6280,18250
6280,18250,20200326,2.5,4.8,1.5,1.3,4.069,2600.6,863.5,90.4,1.0,0.8,6.3,0.897,1.2,1.9,0.9,4.8,0.006,0.032,0.043,0.1,8.7,0.290,0.000,0.0,3.0,6280,18250
6280,18250,20200327,0.0,0.9,5.5,2.9,4.017,2456.5,1118.3,68.8,1.8,1.8,-0.9,0.896,1.1,0.0,0.0,0.0,0.000,0.000,0.000,0.0,0.0,0.294,0.000,0.4,10.6,6280,18250
6280,18250,20200328,0.0,0.0,8.1,2.8,3.908,2425.9,1272.9,54.6,1.8,2.4,-1.8,0.885,1.2,0.0,0.0,0.0,0.000,0.000,0.000,0.0,0.0,0.293,0.000,-0.2,15.5,6280,18250
6280,18250,20200329,0.0,0.1,8.5,4.3,5.002,2570.6,1538.0,68.0,2.0,2.8,-1.9,0.873,1.1,0.0,0.0,0.0,0.000,0.000,0.000,0.0,0.0,0.292,0.000,5.2,13.3,6280,18250
6280,18250,20200330,0.0,0.2,2.5,2.6,4.261,2599.8,864.5,88.1,0.6,0.8,-0.4,0.866,1.2,0.0,0.0,0.0,0.000,0.000,0.000,0.0,0.0,0.290,0.000,1.4,2.6,6280,18250
6280,18250,20200331,0.0,5.6,6.8,3.1,5.051,2512.8,1687.1,77.5,2.1,2.0,3.5,0.859,1.1,0.1,0.0,0.0,0.000,0.000,0.000,0.0,0.0,0.289,0.000,0.5,12.1,6280,18250
6280,18250,20200401,0.0,2.2,5.7,3.2,5.296,2905.5,1088.2,87.2,1.5,1.5,0.7,0.866,1.1,0.4,0.0,0.0,0.000,0.000,0.000,0.0,0.0,0.290,0.000,5.5,5.9,6280,18250
6280,18250,20200402,0.0,0.0,7.6,1.5,5.137,2568.1,1914.6,75.0,2.0,2.6,-2.0,0.860,1.1,0.1,0.0,0.0,0.000,0.000,0.000,0.0,0.0,0.290,0.000,4.9,11.7,6280,18250
6280,18250,20200403,0.0,0.0,6.4,2.9,3.980,2273.9,2319.2,64.1,2.5,3.1,-2.5,0.848,1.1,0.0,0.0,0.0,0.000,0.000,0.000,0.0,0.0,0.288,0.000,3.0,11.4,6280,18250
